<?xml version="1.0" encoding="UTF-8"?>
<countries>
  <country>
    <id>1</id>
    <name>Afghanistan</name>
    <iso3>AFG</iso3>
    <iso2>AF</iso2>
    <phone_code>93</phone_code>
    <capital>Kabul</capital>
    <currency>AFN</currency>
    <native>افغانستان</native>
    <region>Asia</region>
    <subregion>Southern Asia</subregion>
    <emoji>🇦🇫</emoji>
    <emojiU>U+1F1E6 U+1F1EB</emojiU>
  </country>
  <country>
    <id>2</id>
    <name>Aland Islands</name>
    <iso3>ALA</iso3>
    <iso2>AX</iso2>
    <phone_code>+358-18</phone_code>
    <capital>Mariehamn</capital>
    <currency>EUR</currency>
    <native>Åland</native>
    <region>Europe</region>
    <subregion>Northern Europe</subregion>
    <emoji>🇦🇽</emoji>
    <emojiU>U+1F1E6 U+1F1FD</emojiU>
  </country>
  <country>
    <id>3</id>
    <name>Albania</name>
    <iso3>ALB</iso3>
    <iso2>AL</iso2>
    <phone_code>355</phone_code>
    <capital>Tirana</capital>
    <currency>ALL</currency>
    <native>Shqipëria</native>
    <region>Europe</region>
    <subregion>Southern Europe</subregion>
    <emoji>🇦🇱</emoji>
    <emojiU>U+1F1E6 U+1F1F1</emojiU>
  </country>
  <country>
    <id>4</id>
    <name>Algeria</name>
    <iso3>DZA</iso3>
    <iso2>DZ</iso2>
    <phone_code>213</phone_code>
    <capital>Algiers</capital>
    <currency>DZD</currency>
    <native>الجزائر</native>
    <region>Africa</region>
    <subregion>Northern Africa</subregion>
    <emoji>🇩🇿</emoji>
    <emojiU>U+1F1E9 U+1F1FF</emojiU>
  </country>
  <country>
    <id>5</id>
    <name>American Samoa</name>
    <iso3>ASM</iso3>
    <iso2>AS</iso2>
    <phone_code>+1-684</phone_code>
    <capital>Pago Pago</capital>
    <currency>USD</currency>
    <native>American Samoa</native>
    <region>Oceania</region>
    <subregion>Polynesia</subregion>
    <emoji>🇦🇸</emoji>
    <emojiU>U+1F1E6 U+1F1F8</emojiU>
  </country>
  <country>
    <id>6</id>
    <name>Andorra</name>
    <iso3>AND</iso3>
    <iso2>AD</iso2>
    <phone_code>376</phone_code>
    <capital>Andorra la Vella</capital>
    <currency>EUR</currency>
    <native>Andorra</native>
    <region>Europe</region>
    <subregion>Southern Europe</subregion>
    <emoji>🇦🇩</emoji>
    <emojiU>U+1F1E6 U+1F1E9</emojiU>
  </country>
  <country>
    <id>7</id>
    <name>Angola</name>
    <iso3>AGO</iso3>
    <iso2>AO</iso2>
    <phone_code>244</phone_code>
    <capital>Luanda</capital>
    <currency>AOA</currency>
    <native>Angola</native>
    <region>Africa</region>
    <subregion>Middle Africa</subregion>
    <emoji>🇦🇴</emoji>
    <emojiU>U+1F1E6 U+1F1F4</emojiU>
  </country>
  <country>
    <id>8</id>
    <name>Anguilla</name>
    <iso3>AIA</iso3>
    <iso2>AI</iso2>
    <phone_code>+1-264</phone_code>
    <capital>The Valley</capital>
    <currency>XCD</currency>
    <native>Anguilla</native>
    <region>Americas</region>
    <subregion>Caribbean</subregion>
    <emoji>🇦🇮</emoji>
    <emojiU>U+1F1E6 U+1F1EE</emojiU>
  </country>
  <country>
    <id>9</id>
    <name>Antarctica</name>
    <iso3>ATA</iso3>
    <iso2>AQ</iso2>
    <phone_code></phone_code>
    <capital></capital>
    <currency></currency>
    <native>Antarctica</native>
    <region>Polar</region>
    <subregion></subregion>
    <emoji>🇦🇶</emoji>
    <emojiU>U+1F1E6 U+1F1F6</emojiU>
  </country>
  <country>
    <id>10</id>
    <name>Antigua And Barbuda</name>
    <iso3>ATG</iso3>
    <iso2>AG</iso2>
    <phone_code>+1-268</phone_code>
    <capital>St. John's</capital>
    <currency>XCD</currency>
    <native>Antigua and Barbuda</native>
    <region>Americas</region>
    <subregion>Caribbean</subregion>
    <emoji>🇦🇬</emoji>
    <emojiU>U+1F1E6 U+1F1EC</emojiU>
  </country>
  <country>
    <id>11</id>
    <name>Argentina</name>
    <iso3>ARG</iso3>
    <iso2>AR</iso2>
    <phone_code>54</phone_code>
    <capital>Buenos Aires</capital>
    <currency>ARS</currency>
    <native>Argentina</native>
    <region>Americas</region>
    <subregion>South America</subregion>
    <emoji>🇦🇷</emoji>
    <emojiU>U+1F1E6 U+1F1F7</emojiU>
  </country>
  <country>
    <id>12</id>
    <name>Armenia</name>
    <iso3>ARM</iso3>
    <iso2>AM</iso2>
    <phone_code>374</phone_code>
    <capital>Yerevan</capital>
    <currency>AMD</currency>
    <native>Հայաստան</native>
    <region>Asia</region>
    <subregion>Western Asia</subregion>
    <emoji>🇦🇲</emoji>
    <emojiU>U+1F1E6 U+1F1F2</emojiU>
  </country>
  <country>
    <id>13</id>
    <name>Aruba</name>
    <iso3>ABW</iso3>
    <iso2>AW</iso2>
    <phone_code>297</phone_code>
    <capital>Oranjestad</capital>
    <currency>AWG</currency>
    <native>Aruba</native>
    <region>Americas</region>
    <subregion>Caribbean</subregion>
    <emoji>🇦🇼</emoji>
    <emojiU>U+1F1E6 U+1F1FC</emojiU>
  </country>
  <country>
    <id>14</id>
    <name>Australia</name>
    <iso3>AUS</iso3>
    <iso2>AU</iso2>
    <phone_code>61</phone_code>
    <capital>Canberra</capital>
    <currency>AUD</currency>
    <native>Australia</native>
    <region>Oceania</region>
    <subregion>Australia and New Zealand</subregion>
    <emoji>🇦🇺</emoji>
    <emojiU>U+1F1E6 U+1F1FA</emojiU>
  </country>
  <country>
    <id>15</id>
    <name>Austria</name>
    <iso3>AUT</iso3>
    <iso2>AT</iso2>
    <phone_code>43</phone_code>
    <capital>Vienna</capital>
    <currency>EUR</currency>
    <native>Österreich</native>
    <region>Europe</region>
    <subregion>Western Europe</subregion>
    <emoji>🇦🇹</emoji>
    <emojiU>U+1F1E6 U+1F1F9</emojiU>
  </country>
  <country>
    <id>16</id>
    <name>Azerbaijan</name>
    <iso3>AZE</iso3>
    <iso2>AZ</iso2>
    <phone_code>994</phone_code>
    <capital>Baku</capital>
    <currency>AZN</currency>
    <native>Azərbaycan</native>
    <region>Asia</region>
    <subregion>Western Asia</subregion>
    <emoji>🇦🇿</emoji>
    <emojiU>U+1F1E6 U+1F1FF</emojiU>
  </country>
  <country>
    <id>17</id>
    <name>Bahamas The</name>
    <iso3>BHS</iso3>
    <iso2>BS</iso2>
    <phone_code>+1-242</phone_code>
    <capital>Nassau</capital>
    <currency>BSD</currency>
    <native>Bahamas</native>
    <region>Americas</region>
    <subregion>Caribbean</subregion>
    <emoji>🇧🇸</emoji>
    <emojiU>U+1F1E7 U+1F1F8</emojiU>
  </country>
  <country>
    <id>18</id>
    <name>Bahrain</name>
    <iso3>BHR</iso3>
    <iso2>BH</iso2>
    <phone_code>973</phone_code>
    <capital>Manama</capital>
    <currency>BHD</currency>
    <native>‏البحرين</native>
    <region>Asia</region>
    <subregion>Western Asia</subregion>
    <emoji>🇧🇭</emoji>
    <emojiU>U+1F1E7 U+1F1ED</emojiU>
  </country>
  <country>
    <id>19</id>
    <name>Bangladesh</name>
    <iso3>BGD</iso3>
    <iso2>BD</iso2>
    <phone_code>880</phone_code>
    <capital>Dhaka</capital>
    <currency>BDT</currency>
    <native>Bangladesh</native>
    <region>Asia</region>
    <subregion>Southern Asia</subregion>
    <emoji>🇧🇩</emoji>
    <emojiU>U+1F1E7 U+1F1E9</emojiU>
  </country>
  <country>
    <id>20</id>
    <name>Barbados</name>
    <iso3>BRB</iso3>
    <iso2>BB</iso2>
    <phone_code>+1-246</phone_code>
    <capital>Bridgetown</capital>
    <currency>BBD</currency>
    <native>Barbados</native>
    <region>Americas</region>
    <subregion>Caribbean</subregion>
    <emoji>🇧🇧</emoji>
    <emojiU>U+1F1E7 U+1F1E7</emojiU>
  </country>
  <country>
    <id>21</id>
    <name>Belarus</name>
    <iso3>BLR</iso3>
    <iso2>BY</iso2>
    <phone_code>375</phone_code>
    <capital>Minsk</capital>
    <currency>BYN</currency>
    <native>Белару́сь</native>
    <region>Europe</region>
    <subregion>Eastern Europe</subregion>
    <emoji>🇧🇾</emoji>
    <emojiU>U+1F1E7 U+1F1FE</emojiU>
  </country>
  <country>
    <id>22</id>
    <name>Belgium</name>
    <iso3>BEL</iso3>
    <iso2>BE</iso2>
    <phone_code>32</phone_code>
    <capital>Brussels</capital>
    <currency>EUR</currency>
    <native>België</native>
    <region>Europe</region>
    <subregion>Western Europe</subregion>
    <emoji>🇧🇪</emoji>
    <emojiU>U+1F1E7 U+1F1EA</emojiU>
  </country>
  <country>
    <id>23</id>
    <name>Belize</name>
    <iso3>BLZ</iso3>
    <iso2>BZ</iso2>
    <phone_code>501</phone_code>
    <capital>Belmopan</capital>
    <currency>BZD</currency>
    <native>Belize</native>
    <region>Americas</region>
    <subregion>Central America</subregion>
    <emoji>🇧🇿</emoji>
    <emojiU>U+1F1E7 U+1F1FF</emojiU>
  </country>
  <country>
    <id>24</id>
    <name>Benin</name>
    <iso3>BEN</iso3>
    <iso2>BJ</iso2>
    <phone_code>229</phone_code>
    <capital>Porto-Novo</capital>
    <currency>XOF</currency>
    <native>Bénin</native>
    <region>Africa</region>
    <subregion>Western Africa</subregion>
    <emoji>🇧🇯</emoji>
    <emojiU>U+1F1E7 U+1F1EF</emojiU>
  </country>
  <country>
    <id>25</id>
    <name>Bermuda</name>
    <iso3>BMU</iso3>
    <iso2>BM</iso2>
    <phone_code>+1-441</phone_code>
    <capital>Hamilton</capital>
    <currency>BMD</currency>
    <native>Bermuda</native>
    <region>Americas</region>
    <subregion>Northern America</subregion>
    <emoji>🇧🇲</emoji>
    <emojiU>U+1F1E7 U+1F1F2</emojiU>
  </country>
  <country>
    <id>26</id>
    <name>Bhutan</name>
    <iso3>BTN</iso3>
    <iso2>BT</iso2>
    <phone_code>975</phone_code>
    <capital>Thimphu</capital>
    <currency>BTN</currency>
    <native>ʼbrug-yul</native>
    <region>Asia</region>
    <subregion>Southern Asia</subregion>
    <emoji>🇧🇹</emoji>
    <emojiU>U+1F1E7 U+1F1F9</emojiU>
  </country>
  <country>
    <id>27</id>
    <name>Bolivia</name>
    <iso3>BOL</iso3>
    <iso2>BO</iso2>
    <phone_code>591</phone_code>
    <capital>Sucre</capital>
    <currency>BOB</currency>
    <native>Bolivia</native>
    <region>Americas</region>
    <subregion>South America</subregion>
    <emoji>🇧🇴</emoji>
    <emojiU>U+1F1E7 U+1F1F4</emojiU>
  </country>
  <country>
    <id>28</id>
    <name>Bosnia and Herzegovina</name>
    <iso3>BIH</iso3>
    <iso2>BA</iso2>
    <phone_code>387</phone_code>
    <capital>Sarajevo</capital>
    <currency>BAM</currency>
    <native>Bosna i Hercegovina</native>
    <region>Europe</region>
    <subregion>Southern Europe</subregion>
    <emoji>🇧🇦</emoji>
    <emojiU>U+1F1E7 U+1F1E6</emojiU>
  </country>
  <country>
    <id>29</id>
    <name>Botswana</name>
    <iso3>BWA</iso3>
    <iso2>BW</iso2>
    <phone_code>267</phone_code>
    <capital>Gaborone</capital>
    <currency>BWP</currency>
    <native>Botswana</native>
    <region>Africa</region>
    <subregion>Southern Africa</subregion>
    <emoji>🇧🇼</emoji>
    <emojiU>U+1F1E7 U+1F1FC</emojiU>
  </country>
  <country>
    <id>30</id>
    <name>Bouvet Island</name>
    <iso3>BVT</iso3>
    <iso2>BV</iso2>
    <phone_code></phone_code>
    <capital></capital>
    <currency>NOK</currency>
    <native>Bouvetøya</native>
    <region></region>
    <subregion></subregion>
    <emoji>🇧🇻</emoji>
    <emojiU>U+1F1E7 U+1F1FB</emojiU>
  </country>
  <country>
    <id>31</id>
    <name>Brazil</name>
    <iso3>BRA</iso3>
    <iso2>BR</iso2>
    <phone_code>55</phone_code>
    <capital>Brasilia</capital>
    <currency>BRL</currency>
    <native>Brasil</native>
    <region>Americas</region>
    <subregion>South America</subregion>
    <emoji>🇧🇷</emoji>
    <emojiU>U+1F1E7 U+1F1F7</emojiU>
  </country>
  <country>
    <id>32</id>
    <name>British Indian Ocean Territory</name>
    <iso3>IOT</iso3>
    <iso2>IO</iso2>
    <phone_code>246</phone_code>
    <capital>Diego Garcia</capital>
    <currency>USD</currency>
    <native>British Indian Ocean Territory</native>
    <region>Africa</region>
    <subregion>Eastern Africa</subregion>
    <emoji>🇮🇴</emoji>
    <emojiU>U+1F1EE U+1F1F4</emojiU>
  </country>
  <country>
    <id>33</id>
    <name>Brunei</name>
    <iso3>BRN</iso3>
    <iso2>BN</iso2>
    <phone_code>673</phone_code>
    <capital>Bandar Seri Begawan</capital>
    <currency>BND</currency>
    <native>Negara Brunei Darussalam</native>
    <region>Asia</region>
    <subregion>South-Eastern Asia</subregion>
    <emoji>🇧🇳</emoji>
    <emojiU>U+1F1E7 U+1F1F3</emojiU>
  </country>
  <country>
    <id>34</id>
    <name>Bulgaria</name>
    <iso3>BGR</iso3>
    <iso2>BG</iso2>
    <phone_code>359</phone_code>
    <capital>Sofia</capital>
    <currency>BGN</currency>
    <native>България</native>
    <region>Europe</region>
    <subregion>Eastern Europe</subregion>
    <emoji>🇧🇬</emoji>
    <emojiU>U+1F1E7 U+1F1EC</emojiU>
  </country>
  <country>
    <id>35</id>
    <name>Burkina Faso</name>
    <iso3>BFA</iso3>
    <iso2>BF</iso2>
    <phone_code>226</phone_code>
    <capital>Ouagadougou</capital>
    <currency>XOF</currency>
    <native>Burkina Faso</native>
    <region>Africa</region>
    <subregion>Western Africa</subregion>
    <emoji>🇧🇫</emoji>
    <emojiU>U+1F1E7 U+1F1EB</emojiU>
  </country>
  <country>
    <id>36</id>
    <name>Burundi</name>
    <iso3>BDI</iso3>
    <iso2>BI</iso2>
    <phone_code>257</phone_code>
    <capital>Bujumbura</capital>
    <currency>BIF</currency>
    <native>Burundi</native>
    <region>Africa</region>
    <subregion>Eastern Africa</subregion>
    <emoji>🇧🇮</emoji>
    <emojiU>U+1F1E7 U+1F1EE</emojiU>
  </country>
  <country>
    <id>37</id>
    <name>Cambodia</name>
    <iso3>KHM</iso3>
    <iso2>KH</iso2>
    <phone_code>855</phone_code>
    <capital>Phnom Penh</capital>
    <currency>KHR</currency>
    <native>Kâmpŭchéa</native>
    <region>Asia</region>
    <subregion>South-Eastern Asia</subregion>
    <emoji>🇰🇭</emoji>
    <emojiU>U+1F1F0 U+1F1ED</emojiU>
  </country>
  <country>
    <id>38</id>
    <name>Cameroon</name>
    <iso3>CMR</iso3>
    <iso2>CM</iso2>
    <phone_code>237</phone_code>
    <capital>Yaounde</capital>
    <currency>XAF</currency>
    <native>Cameroon</native>
    <region>Africa</region>
    <subregion>Middle Africa</subregion>
    <emoji>🇨🇲</emoji>
    <emojiU>U+1F1E8 U+1F1F2</emojiU>
  </country>
  <country>
    <id>39</id>
    <name>Canada</name>
    <iso3>CAN</iso3>
    <iso2>CA</iso2>
    <phone_code>1</phone_code>
    <capital>Ottawa</capital>
    <currency>CAD</currency>
    <native>Canada</native>
    <region>Americas</region>
    <subregion>Northern America</subregion>
    <emoji>🇨🇦</emoji>
    <emojiU>U+1F1E8 U+1F1E6</emojiU>
  </country>
  <country>
    <id>40</id>
    <name>Cape Verde</name>
    <iso3>CPV</iso3>
    <iso2>CV</iso2>
    <phone_code>238</phone_code>
    <capital>Praia</capital>
    <currency>CVE</currency>
    <native>Cabo Verde</native>
    <region>Africa</region>
    <subregion>Western Africa</subregion>
    <emoji>🇨🇻</emoji>
    <emojiU>U+1F1E8 U+1F1FB</emojiU>
  </country>
  <country>
    <id>41</id>
    <name>Cayman Islands</name>
    <iso3>CYM</iso3>
    <iso2>KY</iso2>
    <phone_code>+1-345</phone_code>
    <capital>George Town</capital>
    <currency>KYD</currency>
    <native>Cayman Islands</native>
    <region>Americas</region>
    <subregion>Caribbean</subregion>
    <emoji>🇰🇾</emoji>
    <emojiU>U+1F1F0 U+1F1FE</emojiU>
  </country>
  <country>
    <id>42</id>
    <name>Central African Republic</name>
    <iso3>CAF</iso3>
    <iso2>CF</iso2>
    <phone_code>236</phone_code>
    <capital>Bangui</capital>
    <currency>XAF</currency>
    <native>Ködörösêse tî Bêafrîka</native>
    <region>Africa</region>
    <subregion>Middle Africa</subregion>
    <emoji>🇨🇫</emoji>
    <emojiU>U+1F1E8 U+1F1EB</emojiU>
  </country>
  <country>
    <id>43</id>
    <name>Chad</name>
    <iso3>TCD</iso3>
    <iso2>TD</iso2>
    <phone_code>235</phone_code>
    <capital>N'Djamena</capital>
    <currency>XAF</currency>
    <native>Tchad</native>
    <region>Africa</region>
    <subregion>Middle Africa</subregion>
    <emoji>🇹🇩</emoji>
    <emojiU>U+1F1F9 U+1F1E9</emojiU>
  </country>
  <country>
    <id>44</id>
    <name>Chile</name>
    <iso3>CHL</iso3>
    <iso2>CL</iso2>
    <phone_code>56</phone_code>
    <capital>Santiago</capital>
    <currency>CLP</currency>
    <native>Chile</native>
    <region>Americas</region>
    <subregion>South America</subregion>
    <emoji>🇨🇱</emoji>
    <emojiU>U+1F1E8 U+1F1F1</emojiU>
  </country>
  <country>
    <id>45</id>
    <name>China</name>
    <iso3>CHN</iso3>
    <iso2>CN</iso2>
    <phone_code>86</phone_code>
    <capital>Beijing</capital>
    <currency>CNY</currency>
    <native>中国</native>
    <region>Asia</region>
    <subregion>Eastern Asia</subregion>
    <emoji>🇨🇳</emoji>
    <emojiU>U+1F1E8 U+1F1F3</emojiU>
  </country>
  <country>
    <id>46</id>
    <name>Christmas Island</name>
    <iso3>CXR</iso3>
    <iso2>CX</iso2>
    <phone_code>61</phone_code>
    <capital>Flying Fish Cove</capital>
    <currency>AUD</currency>
    <native>Christmas Island</native>
    <region>Oceania</region>
    <subregion>Australia and New Zealand</subregion>
    <emoji>🇨🇽</emoji>
    <emojiU>U+1F1E8 U+1F1FD</emojiU>
  </country>
  <country>
    <id>47</id>
    <name>Cocos (Keeling) Islands</name>
    <iso3>CCK</iso3>
    <iso2>CC</iso2>
    <phone_code>61</phone_code>
    <capital>West Island</capital>
    <currency>AUD</currency>
    <native>Cocos (Keeling) Islands</native>
    <region>Oceania</region>
    <subregion>Australia and New Zealand</subregion>
    <emoji>🇨🇨</emoji>
    <emojiU>U+1F1E8 U+1F1E8</emojiU>
  </country>
  <country>
    <id>48</id>
    <name>Colombia</name>
    <iso3>COL</iso3>
    <iso2>CO</iso2>
    <phone_code>57</phone_code>
    <capital>Bogota</capital>
    <currency>COP</currency>
    <native>Colombia</native>
    <region>Americas</region>
    <subregion>South America</subregion>
    <emoji>🇨🇴</emoji>
    <emojiU>U+1F1E8 U+1F1F4</emojiU>
  </country>
  <country>
    <id>49</id>
    <name>Comoros</name>
    <iso3>COM</iso3>
    <iso2>KM</iso2>
    <phone_code>269</phone_code>
    <capital>Moroni</capital>
    <currency>KMF</currency>
    <native>Komori</native>
    <region>Africa</region>
    <subregion>Eastern Africa</subregion>
    <emoji>🇰🇲</emoji>
    <emojiU>U+1F1F0 U+1F1F2</emojiU>
  </country>
  <country>
    <id>50</id>
    <name>Congo</name>
    <iso3>COG</iso3>
    <iso2>CG</iso2>
    <phone_code>242</phone_code>
    <capital>Brazzaville</capital>
    <currency>XAF</currency>
    <native>République du Congo</native>
    <region>Africa</region>
    <subregion>Middle Africa</subregion>
    <emoji>🇨🇬</emoji>
    <emojiU>U+1F1E8 U+1F1EC</emojiU>
  </country>
  <country>
    <id>51</id>
    <name>Congo The Democratic Republic Of The</name>
    <iso3>COD</iso3>
    <iso2>CD</iso2>
    <phone_code>243</phone_code>
    <capital>Kinshasa</capital>
    <currency>CDF</currency>
    <native>République démocratique du Congo</native>
    <region>Africa</region>
    <subregion>Middle Africa</subregion>
    <emoji>🇨🇩</emoji>
    <emojiU>U+1F1E8 U+1F1E9</emojiU>
  </country>
  <country>
    <id>52</id>
    <name>Cook Islands</name>
    <iso3>COK</iso3>
    <iso2>CK</iso2>
    <phone_code>682</phone_code>
    <capital>Avarua</capital>
    <currency>NZD</currency>
    <native>Cook Islands</native>
    <region>Oceania</region>
    <subregion>Polynesia</subregion>
    <emoji>🇨🇰</emoji>
    <emojiU>U+1F1E8 U+1F1F0</emojiU>
  </country>
  <country>
    <id>53</id>
    <name>Costa Rica</name>
    <iso3>CRI</iso3>
    <iso2>CR</iso2>
    <phone_code>506</phone_code>
    <capital>San Jose</capital>
    <currency>CRC</currency>
    <native>Costa Rica</native>
    <region>Americas</region>
    <subregion>Central America</subregion>
    <emoji>🇨🇷</emoji>
    <emojiU>U+1F1E8 U+1F1F7</emojiU>
  </country>
  <country>
    <id>54</id>
    <name>Cote D'Ivoire (Ivory Coast)</name>
    <iso3>CIV</iso3>
    <iso2>CI</iso2>
    <phone_code>225</phone_code>
    <capital>Yamoussoukro</capital>
    <currency>XOF</currency>
    <native></native>
    <region>Africa</region>
    <subregion>Western Africa</subregion>
    <emoji>🇨🇮</emoji>
    <emojiU>U+1F1E8 U+1F1EE</emojiU>
  </country>
  <country>
    <id>55</id>
    <name>Croatia (Hrvatska)</name>
    <iso3>HRV</iso3>
    <iso2>HR</iso2>
    <phone_code>385</phone_code>
    <capital>Zagreb</capital>
    <currency>HRK</currency>
    <native>Hrvatska</native>
    <region>Europe</region>
    <subregion>Southern Europe</subregion>
    <emoji>🇭🇷</emoji>
    <emojiU>U+1F1ED U+1F1F7</emojiU>
  </country>
  <country>
    <id>56</id>
    <name>Cuba</name>
    <iso3>CUB</iso3>
    <iso2>CU</iso2>
    <phone_code>53</phone_code>
    <capital>Havana</capital>
    <currency>CUP</currency>
    <native>Cuba</native>
    <region>Americas</region>
    <subregion>Caribbean</subregion>
    <emoji>🇨🇺</emoji>
    <emojiU>U+1F1E8 U+1F1FA</emojiU>
  </country>
  <country>
    <id>249</id>
    <name>Curaçao</name>
    <iso3>CUW</iso3>
    <iso2>CW</iso2>
    <phone_code>599</phone_code>
    <capital>Willemstad</capital>
    <currency>ANG</currency>
    <native>Curaçao</native>
    <region>Americas</region>
    <subregion>Caribbean</subregion>
    <emoji>🇨🇼</emoji>
    <emojiU>U+1F1E8 U+1F1FC</emojiU>
  </country>
  <country>
    <id>57</id>
    <name>Cyprus</name>
    <iso3>CYP</iso3>
    <iso2>CY</iso2>
    <phone_code>357</phone_code>
    <capital>Nicosia</capital>
    <currency>EUR</currency>
    <native>Κύπρος</native>
    <region>Europe</region>
    <subregion>Southern Europe</subregion>
    <emoji>🇨🇾</emoji>
    <emojiU>U+1F1E8 U+1F1FE</emojiU>
  </country>
  <country>
    <id>58</id>
    <name>Czech Republic</name>
    <iso3>CZE</iso3>
    <iso2>CZ</iso2>
    <phone_code>420</phone_code>
    <capital>Prague</capital>
    <currency>CZK</currency>
    <native>Česká republika</native>
    <region>Europe</region>
    <subregion>Eastern Europe</subregion>
    <emoji>🇨🇿</emoji>
    <emojiU>U+1F1E8 U+1F1FF</emojiU>
  </country>
  <country>
    <id>59</id>
    <name>Denmark</name>
    <iso3>DNK</iso3>
    <iso2>DK</iso2>
    <phone_code>45</phone_code>
    <capital>Copenhagen</capital>
    <currency>DKK</currency>
    <native>Danmark</native>
    <region>Europe</region>
    <subregion>Northern Europe</subregion>
    <emoji>🇩🇰</emoji>
    <emojiU>U+1F1E9 U+1F1F0</emojiU>
  </country>
  <country>
    <id>60</id>
    <name>Djibouti</name>
    <iso3>DJI</iso3>
    <iso2>DJ</iso2>
    <phone_code>253</phone_code>
    <capital>Djibouti</capital>
    <currency>DJF</currency>
    <native>Djibouti</native>
    <region>Africa</region>
    <subregion>Eastern Africa</subregion>
    <emoji>🇩🇯</emoji>
    <emojiU>U+1F1E9 U+1F1EF</emojiU>
  </country>
  <country>
    <id>61</id>
    <name>Dominica</name>
    <iso3>DMA</iso3>
    <iso2>DM</iso2>
    <phone_code>+1-767</phone_code>
    <capital>Roseau</capital>
    <currency>XCD</currency>
    <native>Dominica</native>
    <region>Americas</region>
    <subregion>Caribbean</subregion>
    <emoji>🇩🇲</emoji>
    <emojiU>U+1F1E9 U+1F1F2</emojiU>
  </country>
  <country>
    <id>62</id>
    <name>Dominican Republic</name>
    <iso3>DOM</iso3>
    <iso2>DO</iso2>
    <phone_code>+1-809 and 1-829</phone_code>
    <capital>Santo Domingo</capital>
    <currency>DOP</currency>
    <native>República Dominicana</native>
    <region>Americas</region>
    <subregion>Caribbean</subregion>
    <emoji>🇩🇴</emoji>
    <emojiU>U+1F1E9 U+1F1F4</emojiU>
  </country>
  <country>
    <id>63</id>
    <name>East Timor</name>
    <iso3>TLS</iso3>
    <iso2>TL</iso2>
    <phone_code>670</phone_code>
    <capital>Dili</capital>
    <currency>USD</currency>
    <native>Timor-Leste</native>
    <region>Asia</region>
    <subregion>South-Eastern Asia</subregion>
    <emoji>🇹🇱</emoji>
    <emojiU>U+1F1F9 U+1F1F1</emojiU>
  </country>
  <country>
    <id>64</id>
    <name>Ecuador</name>
    <iso3>ECU</iso3>
    <iso2>EC</iso2>
    <phone_code>593</phone_code>
    <capital>Quito</capital>
    <currency>USD</currency>
    <native>Ecuador</native>
    <region>Americas</region>
    <subregion>South America</subregion>
    <emoji>🇪🇨</emoji>
    <emojiU>U+1F1EA U+1F1E8</emojiU>
  </country>
  <country>
    <id>65</id>
    <name>Egypt</name>
    <iso3>EGY</iso3>
    <iso2>EG</iso2>
    <phone_code>20</phone_code>
    <capital>Cairo</capital>
    <currency>EGP</currency>
    <native>مصر‎</native>
    <region>Africa</region>
    <subregion>Northern Africa</subregion>
    <emoji>🇪🇬</emoji>
    <emojiU>U+1F1EA U+1F1EC</emojiU>
  </country>
  <country>
    <id>66</id>
    <name>El Salvador</name>
    <iso3>SLV</iso3>
    <iso2>SV</iso2>
    <phone_code>503</phone_code>
    <capital>San Salvador</capital>
    <currency>USD</currency>
    <native>El Salvador</native>
    <region>Americas</region>
    <subregion>Central America</subregion>
    <emoji>🇸🇻</emoji>
    <emojiU>U+1F1F8 U+1F1FB</emojiU>
  </country>
  <country>
    <id>67</id>
    <name>Equatorial Guinea</name>
    <iso3>GNQ</iso3>
    <iso2>GQ</iso2>
    <phone_code>240</phone_code>
    <capital>Malabo</capital>
    <currency>XAF</currency>
    <native>Guinea Ecuatorial</native>
    <region>Africa</region>
    <subregion>Middle Africa</subregion>
    <emoji>🇬🇶</emoji>
    <emojiU>U+1F1EC U+1F1F6</emojiU>
  </country>
  <country>
    <id>68</id>
    <name>Eritrea</name>
    <iso3>ERI</iso3>
    <iso2>ER</iso2>
    <phone_code>291</phone_code>
    <capital>Asmara</capital>
    <currency>ERN</currency>
    <native>ኤርትራ</native>
    <region>Africa</region>
    <subregion>Eastern Africa</subregion>
    <emoji>🇪🇷</emoji>
    <emojiU>U+1F1EA U+1F1F7</emojiU>
  </country>
  <country>
    <id>69</id>
    <name>Estonia</name>
    <iso3>EST</iso3>
    <iso2>EE</iso2>
    <phone_code>372</phone_code>
    <capital>Tallinn</capital>
    <currency>EUR</currency>
    <native>Eesti</native>
    <region>Europe</region>
    <subregion>Northern Europe</subregion>
    <emoji>🇪🇪</emoji>
    <emojiU>U+1F1EA U+1F1EA</emojiU>
  </country>
  <country>
    <id>70</id>
    <name>Ethiopia</name>
    <iso3>ETH</iso3>
    <iso2>ET</iso2>
    <phone_code>251</phone_code>
    <capital>Addis Ababa</capital>
    <currency>ETB</currency>
    <native>ኢትዮጵያ</native>
    <region>Africa</region>
    <subregion>Eastern Africa</subregion>
    <emoji>🇪🇹</emoji>
    <emojiU>U+1F1EA U+1F1F9</emojiU>
  </country>
  <country>
    <id>71</id>
    <name>Falkland Islands</name>
    <iso3>FLK</iso3>
    <iso2>FK</iso2>
    <phone_code>500</phone_code>
    <capital>Stanley</capital>
    <currency>FKP</currency>
    <native>Falkland Islands</native>
    <region>Americas</region>
    <subregion>South America</subregion>
    <emoji>🇫🇰</emoji>
    <emojiU>U+1F1EB U+1F1F0</emojiU>
  </country>
  <country>
    <id>72</id>
    <name>Faroe Islands</name>
    <iso3>FRO</iso3>
    <iso2>FO</iso2>
    <phone_code>298</phone_code>
    <capital>Torshavn</capital>
    <currency>DKK</currency>
    <native>Føroyar</native>
    <region>Europe</region>
    <subregion>Northern Europe</subregion>
    <emoji>🇫🇴</emoji>
    <emojiU>U+1F1EB U+1F1F4</emojiU>
  </country>
  <country>
    <id>73</id>
    <name>Fiji Islands</name>
    <iso3>FJI</iso3>
    <iso2>FJ</iso2>
    <phone_code>679</phone_code>
    <capital>Suva</capital>
    <currency>FJD</currency>
    <native>Fiji</native>
    <region>Oceania</region>
    <subregion>Melanesia</subregion>
    <emoji>🇫🇯</emoji>
    <emojiU>U+1F1EB U+1F1EF</emojiU>
  </country>
  <country>
    <id>74</id>
    <name>Finland</name>
    <iso3>FIN</iso3>
    <iso2>FI</iso2>
    <phone_code>358</phone_code>
    <capital>Helsinki</capital>
    <currency>EUR</currency>
    <native>Suomi</native>
    <region>Europe</region>
    <subregion>Northern Europe</subregion>
    <emoji>🇫🇮</emoji>
    <emojiU>U+1F1EB U+1F1EE</emojiU>
  </country>
  <country>
    <id>75</id>
    <name>France</name>
    <iso3>FRA</iso3>
    <iso2>FR</iso2>
    <phone_code>33</phone_code>
    <capital>Paris</capital>
    <currency>EUR</currency>
    <native>France</native>
    <region>Europe</region>
    <subregion>Western Europe</subregion>
    <emoji>🇫🇷</emoji>
    <emojiU>U+1F1EB U+1F1F7</emojiU>
  </country>
  <country>
    <id>76</id>
    <name>French Guiana</name>
    <iso3>GUF</iso3>
    <iso2>GF</iso2>
    <phone_code>594</phone_code>
    <capital>Cayenne</capital>
    <currency>EUR</currency>
    <native>Guyane française</native>
    <region>Americas</region>
    <subregion>South America</subregion>
    <emoji>🇬🇫</emoji>
    <emojiU>U+1F1EC U+1F1EB</emojiU>
  </country>
  <country>
    <id>77</id>
    <name>French Polynesia</name>
    <iso3>PYF</iso3>
    <iso2>PF</iso2>
    <phone_code>689</phone_code>
    <capital>Papeete</capital>
    <currency>XPF</currency>
    <native>Polynésie française</native>
    <region>Oceania</region>
    <subregion>Polynesia</subregion>
    <emoji>🇵🇫</emoji>
    <emojiU>U+1F1F5 U+1F1EB</emojiU>
  </country>
  <country>
    <id>78</id>
    <name>French Southern Territories</name>
    <iso3>ATF</iso3>
    <iso2>TF</iso2>
    <phone_code></phone_code>
    <capital>Port-aux-Francais</capital>
    <currency>EUR</currency>
    <native>Territoire des Terres australes et antarctiques fr</native>
    <region>Africa</region>
    <subregion>Southern Africa</subregion>
    <emoji>🇹🇫</emoji>
    <emojiU>U+1F1F9 U+1F1EB</emojiU>
  </country>
  <country>
    <id>79</id>
    <name>Gabon</name>
    <iso3>GAB</iso3>
    <iso2>GA</iso2>
    <phone_code>241</phone_code>
    <capital>Libreville</capital>
    <currency>XAF</currency>
    <native>Gabon</native>
    <region>Africa</region>
    <subregion>Middle Africa</subregion>
    <emoji>🇬🇦</emoji>
    <emojiU>U+1F1EC U+1F1E6</emojiU>
  </country>
  <country>
    <id>80</id>
    <name>Gambia The</name>
    <iso3>GMB</iso3>
    <iso2>GM</iso2>
    <phone_code>220</phone_code>
    <capital>Banjul</capital>
    <currency>GMD</currency>
    <native>Gambia</native>
    <region>Africa</region>
    <subregion>Western Africa</subregion>
    <emoji>🇬🇲</emoji>
    <emojiU>U+1F1EC U+1F1F2</emojiU>
  </country>
  <country>
    <id>81</id>
    <name>Georgia</name>
    <iso3>GEO</iso3>
    <iso2>GE</iso2>
    <phone_code>995</phone_code>
    <capital>Tbilisi</capital>
    <currency>GEL</currency>
    <native>საქართველო</native>
    <region>Asia</region>
    <subregion>Western Asia</subregion>
    <emoji>🇬🇪</emoji>
    <emojiU>U+1F1EC U+1F1EA</emojiU>
  </country>
  <country>
    <id>82</id>
    <name>Germany</name>
    <iso3>DEU</iso3>
    <iso2>DE</iso2>
    <phone_code>49</phone_code>
    <capital>Berlin</capital>
    <currency>EUR</currency>
    <native>Deutschland</native>
    <region>Europe</region>
    <subregion>Western Europe</subregion>
    <emoji>🇩🇪</emoji>
    <emojiU>U+1F1E9 U+1F1EA</emojiU>
  </country>
  <country>
    <id>83</id>
    <name>Ghana</name>
    <iso3>GHA</iso3>
    <iso2>GH</iso2>
    <phone_code>233</phone_code>
    <capital>Accra</capital>
    <currency>GHS</currency>
    <native>Ghana</native>
    <region>Africa</region>
    <subregion>Western Africa</subregion>
    <emoji>🇬🇭</emoji>
    <emojiU>U+1F1EC U+1F1ED</emojiU>
  </country>
  <country>
    <id>84</id>
    <name>Gibraltar</name>
    <iso3>GIB</iso3>
    <iso2>GI</iso2>
    <phone_code>350</phone_code>
    <capital>Gibraltar</capital>
    <currency>GIP</currency>
    <native>Gibraltar</native>
    <region>Europe</region>
    <subregion>Southern Europe</subregion>
    <emoji>🇬🇮</emoji>
    <emojiU>U+1F1EC U+1F1EE</emojiU>
  </country>
  <country>
    <id>85</id>
    <name>Greece</name>
    <iso3>GRC</iso3>
    <iso2>GR</iso2>
    <phone_code>30</phone_code>
    <capital>Athens</capital>
    <currency>EUR</currency>
    <native>Ελλάδα</native>
    <region>Europe</region>
    <subregion>Southern Europe</subregion>
    <emoji>🇬🇷</emoji>
    <emojiU>U+1F1EC U+1F1F7</emojiU>
  </country>
  <country>
    <id>86</id>
    <name>Greenland</name>
    <iso3>GRL</iso3>
    <iso2>GL</iso2>
    <phone_code>299</phone_code>
    <capital>Nuuk</capital>
    <currency>DKK</currency>
    <native>Kalaallit Nunaat</native>
    <region>Americas</region>
    <subregion>Northern America</subregion>
    <emoji>🇬🇱</emoji>
    <emojiU>U+1F1EC U+1F1F1</emojiU>
  </country>
  <country>
    <id>87</id>
    <name>Grenada</name>
    <iso3>GRD</iso3>
    <iso2>GD</iso2>
    <phone_code>+1-473</phone_code>
    <capital>St. George's</capital>
    <currency>XCD</currency>
    <native>Grenada</native>
    <region>Americas</region>
    <subregion>Caribbean</subregion>
    <emoji>🇬🇩</emoji>
    <emojiU>U+1F1EC U+1F1E9</emojiU>
  </country>
  <country>
    <id>88</id>
    <name>Guadeloupe</name>
    <iso3>GLP</iso3>
    <iso2>GP</iso2>
    <phone_code>590</phone_code>
    <capital>Basse-Terre</capital>
    <currency>EUR</currency>
    <native>Guadeloupe</native>
    <region>Americas</region>
    <subregion>Caribbean</subregion>
    <emoji>🇬🇵</emoji>
    <emojiU>U+1F1EC U+1F1F5</emojiU>
  </country>
  <country>
    <id>89</id>
    <name>Guam</name>
    <iso3>GUM</iso3>
    <iso2>GU</iso2>
    <phone_code>+1-671</phone_code>
    <capital>Hagatna</capital>
    <currency>USD</currency>
    <native>Guam</native>
    <region>Oceania</region>
    <subregion>Micronesia</subregion>
    <emoji>🇬🇺</emoji>
    <emojiU>U+1F1EC U+1F1FA</emojiU>
  </country>
  <country>
    <id>90</id>
    <name>Guatemala</name>
    <iso3>GTM</iso3>
    <iso2>GT</iso2>
    <phone_code>502</phone_code>
    <capital>Guatemala City</capital>
    <currency>GTQ</currency>
    <native>Guatemala</native>
    <region>Americas</region>
    <subregion>Central America</subregion>
    <emoji>🇬🇹</emoji>
    <emojiU>U+1F1EC U+1F1F9</emojiU>
  </country>
  <country>
    <id>91</id>
    <name>Guernsey and Alderney</name>
    <iso3>GGY</iso3>
    <iso2>GG</iso2>
    <phone_code>+44-1481</phone_code>
    <capital>St Peter Port</capital>
    <currency>GBP</currency>
    <native>Guernsey</native>
    <region>Europe</region>
    <subregion>Northern Europe</subregion>
    <emoji>🇬🇬</emoji>
    <emojiU>U+1F1EC U+1F1EC</emojiU>
  </country>
  <country>
    <id>92</id>
    <name>Guinea</name>
    <iso3>GIN</iso3>
    <iso2>GN</iso2>
    <phone_code>224</phone_code>
    <capital>Conakry</capital>
    <currency>GNF</currency>
    <native>Guinée</native>
    <region>Africa</region>
    <subregion>Western Africa</subregion>
    <emoji>🇬🇳</emoji>
    <emojiU>U+1F1EC U+1F1F3</emojiU>
  </country>
  <country>
    <id>93</id>
    <name>Guinea-Bissau</name>
    <iso3>GNB</iso3>
    <iso2>GW</iso2>
    <phone_code>245</phone_code>
    <capital>Bissau</capital>
    <currency>XOF</currency>
    <native>Guiné-Bissau</native>
    <region>Africa</region>
    <subregion>Western Africa</subregion>
    <emoji>🇬🇼</emoji>
    <emojiU>U+1F1EC U+1F1FC</emojiU>
  </country>
  <country>
    <id>94</id>
    <name>Guyana</name>
    <iso3>GUY</iso3>
    <iso2>GY</iso2>
    <phone_code>592</phone_code>
    <capital>Georgetown</capital>
    <currency>GYD</currency>
    <native>Guyana</native>
    <region>Americas</region>
    <subregion>South America</subregion>
    <emoji>🇬🇾</emoji>
    <emojiU>U+1F1EC U+1F1FE</emojiU>
  </country>
  <country>
    <id>95</id>
    <name>Haiti</name>
    <iso3>HTI</iso3>
    <iso2>HT</iso2>
    <phone_code>509</phone_code>
    <capital>Port-au-Prince</capital>
    <currency>HTG</currency>
    <native>Haïti</native>
    <region>Americas</region>
    <subregion>Caribbean</subregion>
    <emoji>🇭🇹</emoji>
    <emojiU>U+1F1ED U+1F1F9</emojiU>
  </country>
  <country>
    <id>96</id>
    <name>Heard and McDonald Islands</name>
    <iso3>HMD</iso3>
    <iso2>HM</iso2>
    <phone_code> </phone_code>
    <capital></capital>
    <currency>AUD</currency>
    <native>Heard Island and McDonald Islands</native>
    <region></region>
    <subregion></subregion>
    <emoji>🇭🇲</emoji>
    <emojiU>U+1F1ED U+1F1F2</emojiU>
  </country>
  <country>
    <id>97</id>
    <name>Honduras</name>
    <iso3>HND</iso3>
    <iso2>HN</iso2>
    <phone_code>504</phone_code>
    <capital>Tegucigalpa</capital>
    <currency>HNL</currency>
    <native>Honduras</native>
    <region>Americas</region>
    <subregion>Central America</subregion>
    <emoji>🇭🇳</emoji>
    <emojiU>U+1F1ED U+1F1F3</emojiU>
  </country>
  <country>
    <id>98</id>
    <name>Hong Kong S.A.R.</name>
    <iso3>HKG</iso3>
    <iso2>HK</iso2>
    <phone_code>852</phone_code>
    <capital>Hong Kong</capital>
    <currency>HKD</currency>
    <native>香港</native>
    <region>Asia</region>
    <subregion>Eastern Asia</subregion>
    <emoji>🇭🇰</emoji>
    <emojiU>U+1F1ED U+1F1F0</emojiU>
  </country>
  <country>
    <id>99</id>
    <name>Hungary</name>
    <iso3>HUN</iso3>
    <iso2>HU</iso2>
    <phone_code>36</phone_code>
    <capital>Budapest</capital>
    <currency>HUF</currency>
    <native>Magyarország</native>
    <region>Europe</region>
    <subregion>Eastern Europe</subregion>
    <emoji>🇭🇺</emoji>
    <emojiU>U+1F1ED U+1F1FA</emojiU>
  </country>
  <country>
    <id>100</id>
    <name>Iceland</name>
    <iso3>ISL</iso3>
    <iso2>IS</iso2>
    <phone_code>354</phone_code>
    <capital>Reykjavik</capital>
    <currency>ISK</currency>
    <native>Ísland</native>
    <region>Europe</region>
    <subregion>Northern Europe</subregion>
    <emoji>🇮🇸</emoji>
    <emojiU>U+1F1EE U+1F1F8</emojiU>
  </country>
  <country>
    <id>101</id>
    <name>India</name>
    <iso3>IND</iso3>
    <iso2>IN</iso2>
    <phone_code>91</phone_code>
    <capital>New Delhi</capital>
    <currency>INR</currency>
    <native>भारत</native>
    <region>Asia</region>
    <subregion>Southern Asia</subregion>
    <emoji>🇮🇳</emoji>
    <emojiU>U+1F1EE U+1F1F3</emojiU>
  </country>
  <country>
    <id>102</id>
    <name>Indonesia</name>
    <iso3>IDN</iso3>
    <iso2>ID</iso2>
    <phone_code>62</phone_code>
    <capital>Jakarta</capital>
    <currency>IDR</currency>
    <native>Indonesia</native>
    <region>Asia</region>
    <subregion>South-Eastern Asia</subregion>
    <emoji>🇮🇩</emoji>
    <emojiU>U+1F1EE U+1F1E9</emojiU>
  </country>
  <country>
    <id>103</id>
    <name>Iran</name>
    <iso3>IRN</iso3>
    <iso2>IR</iso2>
    <phone_code>98</phone_code>
    <capital>Tehran</capital>
    <currency>IRR</currency>
    <native>ایران</native>
    <region>Asia</region>
    <subregion>Southern Asia</subregion>
    <emoji>🇮🇷</emoji>
    <emojiU>U+1F1EE U+1F1F7</emojiU>
  </country>
  <country>
    <id>104</id>
    <name>Iraq</name>
    <iso3>IRQ</iso3>
    <iso2>IQ</iso2>
    <phone_code>964</phone_code>
    <capital>Baghdad</capital>
    <currency>IQD</currency>
    <native>العراق</native>
    <region>Asia</region>
    <subregion>Western Asia</subregion>
    <emoji>🇮🇶</emoji>
    <emojiU>U+1F1EE U+1F1F6</emojiU>
  </country>
  <country>
    <id>105</id>
    <name>Ireland</name>
    <iso3>IRL</iso3>
    <iso2>IE</iso2>
    <phone_code>353</phone_code>
    <capital>Dublin</capital>
    <currency>EUR</currency>
    <native>Éire</native>
    <region>Europe</region>
    <subregion>Northern Europe</subregion>
    <emoji>🇮🇪</emoji>
    <emojiU>U+1F1EE U+1F1EA</emojiU>
  </country>
  <country>
    <id>106</id>
    <name>Israel</name>
    <iso3>ISR</iso3>
    <iso2>IL</iso2>
    <phone_code>972</phone_code>
    <capital>Jerusalem</capital>
    <currency>ILS</currency>
    <native>יִשְׂרָאֵל</native>
    <region>Asia</region>
    <subregion>Western Asia</subregion>
    <emoji>🇮🇱</emoji>
    <emojiU>U+1F1EE U+1F1F1</emojiU>
  </country>
  <country>
    <id>107</id>
    <name>Italy</name>
    <iso3>ITA</iso3>
    <iso2>IT</iso2>
    <phone_code>39</phone_code>
    <capital>Rome</capital>
    <currency>EUR</currency>
    <native>Italia</native>
    <region>Europe</region>
    <subregion>Southern Europe</subregion>
    <emoji>🇮🇹</emoji>
    <emojiU>U+1F1EE U+1F1F9</emojiU>
  </country>
  <country>
    <id>108</id>
    <name>Jamaica</name>
    <iso3>JAM</iso3>
    <iso2>JM</iso2>
    <phone_code>+1-876</phone_code>
    <capital>Kingston</capital>
    <currency>JMD</currency>
    <native>Jamaica</native>
    <region>Americas</region>
    <subregion>Caribbean</subregion>
    <emoji>🇯🇲</emoji>
    <emojiU>U+1F1EF U+1F1F2</emojiU>
  </country>
  <country>
    <id>109</id>
    <name>Japan</name>
    <iso3>JPN</iso3>
    <iso2>JP</iso2>
    <phone_code>81</phone_code>
    <capital>Tokyo</capital>
    <currency>JPY</currency>
    <native>日本</native>
    <region>Asia</region>
    <subregion>Eastern Asia</subregion>
    <emoji>🇯🇵</emoji>
    <emojiU>U+1F1EF U+1F1F5</emojiU>
  </country>
  <country>
    <id>110</id>
    <name>Jersey</name>
    <iso3>JEY</iso3>
    <iso2>JE</iso2>
    <phone_code>+44-1534</phone_code>
    <capital>Saint Helier</capital>
    <currency>GBP</currency>
    <native>Jersey</native>
    <region>Europe</region>
    <subregion>Northern Europe</subregion>
    <emoji>🇯🇪</emoji>
    <emojiU>U+1F1EF U+1F1EA</emojiU>
  </country>
  <country>
    <id>111</id>
    <name>Jordan</name>
    <iso3>JOR</iso3>
    <iso2>JO</iso2>
    <phone_code>962</phone_code>
    <capital>Amman</capital>
    <currency>JOD</currency>
    <native>الأردن</native>
    <region>Asia</region>
    <subregion>Western Asia</subregion>
    <emoji>🇯🇴</emoji>
    <emojiU>U+1F1EF U+1F1F4</emojiU>
  </country>
  <country>
    <id>112</id>
    <name>Kazakhstan</name>
    <iso3>KAZ</iso3>
    <iso2>KZ</iso2>
    <phone_code>7</phone_code>
    <capital>Astana</capital>
    <currency>KZT</currency>
    <native>Қазақстан</native>
    <region>Asia</region>
    <subregion>Central Asia</subregion>
    <emoji>🇰🇿</emoji>
    <emojiU>U+1F1F0 U+1F1FF</emojiU>
  </country>
  <country>
    <id>113</id>
    <name>Kenya</name>
    <iso3>KEN</iso3>
    <iso2>KE</iso2>
    <phone_code>254</phone_code>
    <capital>Nairobi</capital>
    <currency>KES</currency>
    <native>Kenya</native>
    <region>Africa</region>
    <subregion>Eastern Africa</subregion>
    <emoji>🇰🇪</emoji>
    <emojiU>U+1F1F0 U+1F1EA</emojiU>
  </country>
  <country>
    <id>114</id>
    <name>Kiribati</name>
    <iso3>KIR</iso3>
    <iso2>KI</iso2>
    <phone_code>686</phone_code>
    <capital>Tarawa</capital>
    <currency>AUD</currency>
    <native>Kiribati</native>
    <region>Oceania</region>
    <subregion>Micronesia</subregion>
    <emoji>🇰🇮</emoji>
    <emojiU>U+1F1F0 U+1F1EE</emojiU>
  </country>
  <country>
    <id>115</id>
    <name>Korea North</name>
    <iso3>PRK</iso3>
    <iso2>KP</iso2>
    <phone_code>850</phone_code>
    <capital>Pyongyang</capital>
    <currency>KPW</currency>
    <native>북한</native>
    <region>Asia</region>
    <subregion>Eastern Asia</subregion>
    <emoji>🇰🇵</emoji>
    <emojiU>U+1F1F0 U+1F1F5</emojiU>
  </country>
  <country>
    <id>116</id>
    <name>Korea South</name>
    <iso3>KOR</iso3>
    <iso2>KR</iso2>
    <phone_code>82</phone_code>
    <capital>Seoul</capital>
    <currency>KRW</currency>
    <native>대한민국</native>
    <region>Asia</region>
    <subregion>Eastern Asia</subregion>
    <emoji>🇰🇷</emoji>
    <emojiU>U+1F1F0 U+1F1F7</emojiU>
  </country>
  <country>
    <id>248</id>
    <name>Kosovo</name>
    <iso3>XKX</iso3>
    <iso2>XK</iso2>
    <phone_code>383</phone_code>
    <capital>Pristina</capital>
    <currency>EUR</currency>
    <native>Republika e Kosovës</native>
    <region>Europe</region>
    <subregion>Eastern Europe</subregion>
    <emoji>🇽🇰</emoji>
    <emojiU>U+1F1FD U+1F1F0</emojiU>
  </country>
  <country>
    <id>117</id>
    <name>Kuwait</name>
    <iso3>KWT</iso3>
    <iso2>KW</iso2>
    <phone_code>965</phone_code>
    <capital>Kuwait City</capital>
    <currency>KWD</currency>
    <native>الكويت</native>
    <region>Asia</region>
    <subregion>Western Asia</subregion>
    <emoji>🇰🇼</emoji>
    <emojiU>U+1F1F0 U+1F1FC</emojiU>
  </country>
  <country>
    <id>118</id>
    <name>Kyrgyzstan</name>
    <iso3>KGZ</iso3>
    <iso2>KG</iso2>
    <phone_code>996</phone_code>
    <capital>Bishkek</capital>
    <currency>KGS</currency>
    <native>Кыргызстан</native>
    <region>Asia</region>
    <subregion>Central Asia</subregion>
    <emoji>🇰🇬</emoji>
    <emojiU>U+1F1F0 U+1F1EC</emojiU>
  </country>
  <country>
    <id>119</id>
    <name>Laos</name>
    <iso3>LAO</iso3>
    <iso2>LA</iso2>
    <phone_code>856</phone_code>
    <capital>Vientiane</capital>
    <currency>LAK</currency>
    <native>ສປປລາວ</native>
    <region>Asia</region>
    <subregion>South-Eastern Asia</subregion>
    <emoji>🇱🇦</emoji>
    <emojiU>U+1F1F1 U+1F1E6</emojiU>
  </country>
  <country>
    <id>120</id>
    <name>Latvia</name>
    <iso3>LVA</iso3>
    <iso2>LV</iso2>
    <phone_code>371</phone_code>
    <capital>Riga</capital>
    <currency>EUR</currency>
    <native>Latvija</native>
    <region>Europe</region>
    <subregion>Northern Europe</subregion>
    <emoji>🇱🇻</emoji>
    <emojiU>U+1F1F1 U+1F1FB</emojiU>
  </country>
  <country>
    <id>121</id>
    <name>Lebanon</name>
    <iso3>LBN</iso3>
    <iso2>LB</iso2>
    <phone_code>961</phone_code>
    <capital>Beirut</capital>
    <currency>LBP</currency>
    <native>لبنان</native>
    <region>Asia</region>
    <subregion>Western Asia</subregion>
    <emoji>🇱🇧</emoji>
    <emojiU>U+1F1F1 U+1F1E7</emojiU>
  </country>
  <country>
    <id>122</id>
    <name>Lesotho</name>
    <iso3>LSO</iso3>
    <iso2>LS</iso2>
    <phone_code>266</phone_code>
    <capital>Maseru</capital>
    <currency>LSL</currency>
    <native>Lesotho</native>
    <region>Africa</region>
    <subregion>Southern Africa</subregion>
    <emoji>🇱🇸</emoji>
    <emojiU>U+1F1F1 U+1F1F8</emojiU>
  </country>
  <country>
    <id>123</id>
    <name>Liberia</name>
    <iso3>LBR</iso3>
    <iso2>LR</iso2>
    <phone_code>231</phone_code>
    <capital>Monrovia</capital>
    <currency>LRD</currency>
    <native>Liberia</native>
    <region>Africa</region>
    <subregion>Western Africa</subregion>
    <emoji>🇱🇷</emoji>
    <emojiU>U+1F1F1 U+1F1F7</emojiU>
  </country>
  <country>
    <id>124</id>
    <name>Libya</name>
    <iso3>LBY</iso3>
    <iso2>LY</iso2>
    <phone_code>218</phone_code>
    <capital>Tripolis</capital>
    <currency>LYD</currency>
    <native>‏ليبيا</native>
    <region>Africa</region>
    <subregion>Northern Africa</subregion>
    <emoji>🇱🇾</emoji>
    <emojiU>U+1F1F1 U+1F1FE</emojiU>
  </country>
  <country>
    <id>125</id>
    <name>Liechtenstein</name>
    <iso3>LIE</iso3>
    <iso2>LI</iso2>
    <phone_code>423</phone_code>
    <capital>Vaduz</capital>
    <currency>CHF</currency>
    <native>Liechtenstein</native>
    <region>Europe</region>
    <subregion>Western Europe</subregion>
    <emoji>🇱🇮</emoji>
    <emojiU>U+1F1F1 U+1F1EE</emojiU>
  </country>
  <country>
    <id>126</id>
    <name>Lithuania</name>
    <iso3>LTU</iso3>
    <iso2>LT</iso2>
    <phone_code>370</phone_code>
    <capital>Vilnius</capital>
    <currency>EUR</currency>
    <native>Lietuva</native>
    <region>Europe</region>
    <subregion>Northern Europe</subregion>
    <emoji>🇱🇹</emoji>
    <emojiU>U+1F1F1 U+1F1F9</emojiU>
  </country>
  <country>
    <id>127</id>
    <name>Luxembourg</name>
    <iso3>LUX</iso3>
    <iso2>LU</iso2>
    <phone_code>352</phone_code>
    <capital>Luxembourg</capital>
    <currency>EUR</currency>
    <native>Luxembourg</native>
    <region>Europe</region>
    <subregion>Western Europe</subregion>
    <emoji>🇱🇺</emoji>
    <emojiU>U+1F1F1 U+1F1FA</emojiU>
  </country>
  <country>
    <id>128</id>
    <name>Macau S.A.R.</name>
    <iso3>MAC</iso3>
    <iso2>MO</iso2>
    <phone_code>853</phone_code>
    <capital>Macao</capital>
    <currency>MOP</currency>
    <native>澳門</native>
    <region>Asia</region>
    <subregion>Eastern Asia</subregion>
    <emoji>🇲🇴</emoji>
    <emojiU>U+1F1F2 U+1F1F4</emojiU>
  </country>
  <country>
    <id>129</id>
    <name>Macedonia</name>
    <iso3>MKD</iso3>
    <iso2>MK</iso2>
    <phone_code>389</phone_code>
    <capital>Skopje</capital>
    <currency>MKD</currency>
    <native>Северна Македонија</native>
    <region>Europe</region>
    <subregion>Southern Europe</subregion>
    <emoji>🇲🇰</emoji>
    <emojiU>U+1F1F2 U+1F1F0</emojiU>
  </country>
  <country>
    <id>130</id>
    <name>Madagascar</name>
    <iso3>MDG</iso3>
    <iso2>MG</iso2>
    <phone_code>261</phone_code>
    <capital>Antananarivo</capital>
    <currency>MGA</currency>
    <native>Madagasikara</native>
    <region>Africa</region>
    <subregion>Eastern Africa</subregion>
    <emoji>🇲🇬</emoji>
    <emojiU>U+1F1F2 U+1F1EC</emojiU>
  </country>
  <country>
    <id>131</id>
    <name>Malawi</name>
    <iso3>MWI</iso3>
    <iso2>MW</iso2>
    <phone_code>265</phone_code>
    <capital>Lilongwe</capital>
    <currency>MWK</currency>
    <native>Malawi</native>
    <region>Africa</region>
    <subregion>Eastern Africa</subregion>
    <emoji>🇲🇼</emoji>
    <emojiU>U+1F1F2 U+1F1FC</emojiU>
  </country>
  <country>
    <id>132</id>
    <name>Malaysia</name>
    <iso3>MYS</iso3>
    <iso2>MY</iso2>
    <phone_code>60</phone_code>
    <capital>Kuala Lumpur</capital>
    <currency>MYR</currency>
    <native>Malaysia</native>
    <region>Asia</region>
    <subregion>South-Eastern Asia</subregion>
    <emoji>🇲🇾</emoji>
    <emojiU>U+1F1F2 U+1F1FE</emojiU>
  </country>
  <country>
    <id>133</id>
    <name>Maldives</name>
    <iso3>MDV</iso3>
    <iso2>MV</iso2>
    <phone_code>960</phone_code>
    <capital>Male</capital>
    <currency>MVR</currency>
    <native>Maldives</native>
    <region>Asia</region>
    <subregion>Southern Asia</subregion>
    <emoji>🇲🇻</emoji>
    <emojiU>U+1F1F2 U+1F1FB</emojiU>
  </country>
  <country>
    <id>134</id>
    <name>Mali</name>
    <iso3>MLI</iso3>
    <iso2>ML</iso2>
    <phone_code>223</phone_code>
    <capital>Bamako</capital>
    <currency>XOF</currency>
    <native>Mali</native>
    <region>Africa</region>
    <subregion>Western Africa</subregion>
    <emoji>🇲🇱</emoji>
    <emojiU>U+1F1F2 U+1F1F1</emojiU>
  </country>
  <country>
    <id>135</id>
    <name>Malta</name>
    <iso3>MLT</iso3>
    <iso2>MT</iso2>
    <phone_code>356</phone_code>
    <capital>Valletta</capital>
    <currency>EUR</currency>
    <native>Malta</native>
    <region>Europe</region>
    <subregion>Southern Europe</subregion>
    <emoji>🇲🇹</emoji>
    <emojiU>U+1F1F2 U+1F1F9</emojiU>
  </country>
  <country>
    <id>136</id>
    <name>Man (Isle of)</name>
    <iso3>IMN</iso3>
    <iso2>IM</iso2>
    <phone_code>+44-1624</phone_code>
    <capital>Douglas, Isle of Man</capital>
    <currency>GBP</currency>
    <native>Isle of Man</native>
    <region>Europe</region>
    <subregion>Northern Europe</subregion>
    <emoji>🇮🇲</emoji>
    <emojiU>U+1F1EE U+1F1F2</emojiU>
  </country>
  <country>
    <id>137</id>
    <name>Marshall Islands</name>
    <iso3>MHL</iso3>
    <iso2>MH</iso2>
    <phone_code>692</phone_code>
    <capital>Majuro</capital>
    <currency>USD</currency>
    <native>M̧ajeļ</native>
    <region>Oceania</region>
    <subregion>Micronesia</subregion>
    <emoji>🇲🇭</emoji>
    <emojiU>U+1F1F2 U+1F1ED</emojiU>
  </country>
  <country>
    <id>138</id>
    <name>Martinique</name>
    <iso3>MTQ</iso3>
    <iso2>MQ</iso2>
    <phone_code>596</phone_code>
    <capital>Fort-de-France</capital>
    <currency>EUR</currency>
    <native>Martinique</native>
    <region>Americas</region>
    <subregion>Caribbean</subregion>
    <emoji>🇲🇶</emoji>
    <emojiU>U+1F1F2 U+1F1F6</emojiU>
  </country>
  <country>
    <id>139</id>
    <name>Mauritania</name>
    <iso3>MRT</iso3>
    <iso2>MR</iso2>
    <phone_code>222</phone_code>
    <capital>Nouakchott</capital>
    <currency>MRO</currency>
    <native>موريتانيا</native>
    <region>Africa</region>
    <subregion>Western Africa</subregion>
    <emoji>🇲🇷</emoji>
    <emojiU>U+1F1F2 U+1F1F7</emojiU>
  </country>
  <country>
    <id>140</id>
    <name>Mauritius</name>
    <iso3>MUS</iso3>
    <iso2>MU</iso2>
    <phone_code>230</phone_code>
    <capital>Port Louis</capital>
    <currency>MUR</currency>
    <native>Maurice</native>
    <region>Africa</region>
    <subregion>Eastern Africa</subregion>
    <emoji>🇲🇺</emoji>
    <emojiU>U+1F1F2 U+1F1FA</emojiU>
  </country>
  <country>
    <id>141</id>
    <name>Mayotte</name>
    <iso3>MYT</iso3>
    <iso2>YT</iso2>
    <phone_code>262</phone_code>
    <capital>Mamoudzou</capital>
    <currency>EUR</currency>
    <native>Mayotte</native>
    <region>Africa</region>
    <subregion>Eastern Africa</subregion>
    <emoji>🇾🇹</emoji>
    <emojiU>U+1F1FE U+1F1F9</emojiU>
  </country>
  <country>
    <id>142</id>
    <name>Mexico</name>
    <iso3>MEX</iso3>
    <iso2>MX</iso2>
    <phone_code>52</phone_code>
    <capital>Mexico City</capital>
    <currency>MXN</currency>
    <native>México</native>
    <region>Americas</region>
    <subregion>Central America</subregion>
    <emoji>🇲🇽</emoji>
    <emojiU>U+1F1F2 U+1F1FD</emojiU>
  </country>
  <country>
    <id>143</id>
    <name>Micronesia</name>
    <iso3>FSM</iso3>
    <iso2>FM</iso2>
    <phone_code>691</phone_code>
    <capital>Palikir</capital>
    <currency>USD</currency>
    <native>Micronesia</native>
    <region>Oceania</region>
    <subregion>Micronesia</subregion>
    <emoji>🇫🇲</emoji>
    <emojiU>U+1F1EB U+1F1F2</emojiU>
  </country>
  <country>
    <id>144</id>
    <name>Moldova</name>
    <iso3>MDA</iso3>
    <iso2>MD</iso2>
    <phone_code>373</phone_code>
    <capital>Chisinau</capital>
    <currency>MDL</currency>
    <native>Moldova</native>
    <region>Europe</region>
    <subregion>Eastern Europe</subregion>
    <emoji>🇲🇩</emoji>
    <emojiU>U+1F1F2 U+1F1E9</emojiU>
  </country>
  <country>
    <id>145</id>
    <name>Monaco</name>
    <iso3>MCO</iso3>
    <iso2>MC</iso2>
    <phone_code>377</phone_code>
    <capital>Monaco</capital>
    <currency>EUR</currency>
    <native>Monaco</native>
    <region>Europe</region>
    <subregion>Western Europe</subregion>
    <emoji>🇲🇨</emoji>
    <emojiU>U+1F1F2 U+1F1E8</emojiU>
  </country>
  <country>
    <id>146</id>
    <name>Mongolia</name>
    <iso3>MNG</iso3>
    <iso2>MN</iso2>
    <phone_code>976</phone_code>
    <capital>Ulan Bator</capital>
    <currency>MNT</currency>
    <native>Монгол улс</native>
    <region>Asia</region>
    <subregion>Eastern Asia</subregion>
    <emoji>🇲🇳</emoji>
    <emojiU>U+1F1F2 U+1F1F3</emojiU>
  </country>
  <country>
    <id>147</id>
    <name>Montenegro</name>
    <iso3>MNE</iso3>
    <iso2>ME</iso2>
    <phone_code>382</phone_code>
    <capital>Podgorica</capital>
    <currency>EUR</currency>
    <native>Црна Гора</native>
    <region>Europe</region>
    <subregion>Southern Europe</subregion>
    <emoji>🇲🇪</emoji>
    <emojiU>U+1F1F2 U+1F1EA</emojiU>
  </country>
  <country>
    <id>148</id>
    <name>Montserrat</name>
    <iso3>MSR</iso3>
    <iso2>MS</iso2>
    <phone_code>+1-664</phone_code>
    <capital>Plymouth</capital>
    <currency>XCD</currency>
    <native>Montserrat</native>
    <region>Americas</region>
    <subregion>Caribbean</subregion>
    <emoji>🇲🇸</emoji>
    <emojiU>U+1F1F2 U+1F1F8</emojiU>
  </country>
  <country>
    <id>149</id>
    <name>Morocco</name>
    <iso3>MAR</iso3>
    <iso2>MA</iso2>
    <phone_code>212</phone_code>
    <capital>Rabat</capital>
    <currency>MAD</currency>
    <native>المغرب</native>
    <region>Africa</region>
    <subregion>Northern Africa</subregion>
    <emoji>🇲🇦</emoji>
    <emojiU>U+1F1F2 U+1F1E6</emojiU>
  </country>
  <country>
    <id>150</id>
    <name>Mozambique</name>
    <iso3>MOZ</iso3>
    <iso2>MZ</iso2>
    <phone_code>258</phone_code>
    <capital>Maputo</capital>
    <currency>MZN</currency>
    <native>Moçambique</native>
    <region>Africa</region>
    <subregion>Eastern Africa</subregion>
    <emoji>🇲🇿</emoji>
    <emojiU>U+1F1F2 U+1F1FF</emojiU>
  </country>
  <country>
    <id>151</id>
    <name>Myanmar</name>
    <iso3>MMR</iso3>
    <iso2>MM</iso2>
    <phone_code>95</phone_code>
    <capital>Nay Pyi Taw</capital>
    <currency>MMK</currency>
    <native>မြန်မာ</native>
    <region>Asia</region>
    <subregion>South-Eastern Asia</subregion>
    <emoji>🇲🇲</emoji>
    <emojiU>U+1F1F2 U+1F1F2</emojiU>
  </country>
  <country>
    <id>152</id>
    <name>Namibia</name>
    <iso3>NAM</iso3>
    <iso2>NA</iso2>
    <phone_code>264</phone_code>
    <capital>Windhoek</capital>
    <currency>NAD</currency>
    <native>Namibia</native>
    <region>Africa</region>
    <subregion>Southern Africa</subregion>
    <emoji>🇳🇦</emoji>
    <emojiU>U+1F1F3 U+1F1E6</emojiU>
  </country>
  <country>
    <id>153</id>
    <name>Nauru</name>
    <iso3>NRU</iso3>
    <iso2>NR</iso2>
    <phone_code>674</phone_code>
    <capital>Yaren</capital>
    <currency>AUD</currency>
    <native>Nauru</native>
    <region>Oceania</region>
    <subregion>Micronesia</subregion>
    <emoji>🇳🇷</emoji>
    <emojiU>U+1F1F3 U+1F1F7</emojiU>
  </country>
  <country>
    <id>154</id>
    <name>Nepal</name>
    <iso3>NPL</iso3>
    <iso2>NP</iso2>
    <phone_code>977</phone_code>
    <capital>Kathmandu</capital>
    <currency>NPR</currency>
    <native>नपल</native>
    <region>Asia</region>
    <subregion>Southern Asia</subregion>
    <emoji>🇳🇵</emoji>
    <emojiU>U+1F1F3 U+1F1F5</emojiU>
  </country>
  <country>
    <id>155</id>
    <name>Netherlands Antilles</name>
    <iso3>ANT</iso3>
    <iso2>AN</iso2>
    <phone_code></phone_code>
    <capital></capital>
    <currency></currency>
    <native></native>
    <region></region>
    <subregion></subregion>
    <emoji></emoji>
    <emojiU></emojiU>
  </country>
  <country>
    <id>156</id>
    <name>Netherlands The</name>
    <iso3>NLD</iso3>
    <iso2>NL</iso2>
    <phone_code>31</phone_code>
    <capital>Amsterdam</capital>
    <currency>EUR</currency>
    <native>Nederland</native>
    <region>Europe</region>
    <subregion>Western Europe</subregion>
    <emoji>🇳🇱</emoji>
    <emojiU>U+1F1F3 U+1F1F1</emojiU>
  </country>
  <country>
    <id>157</id>
    <name>New Caledonia</name>
    <iso3>NCL</iso3>
    <iso2>NC</iso2>
    <phone_code>687</phone_code>
    <capital>Noumea</capital>
    <currency>XPF</currency>
    <native>Nouvelle-Calédonie</native>
    <region>Oceania</region>
    <subregion>Melanesia</subregion>
    <emoji>🇳🇨</emoji>
    <emojiU>U+1F1F3 U+1F1E8</emojiU>
  </country>
  <country>
    <id>158</id>
    <name>New Zealand</name>
    <iso3>NZL</iso3>
    <iso2>NZ</iso2>
    <phone_code>64</phone_code>
    <capital>Wellington</capital>
    <currency>NZD</currency>
    <native>New Zealand</native>
    <region>Oceania</region>
    <subregion>Australia and New Zealand</subregion>
    <emoji>🇳🇿</emoji>
    <emojiU>U+1F1F3 U+1F1FF</emojiU>
  </country>
  <country>
    <id>159</id>
    <name>Nicaragua</name>
    <iso3>NIC</iso3>
    <iso2>NI</iso2>
    <phone_code>505</phone_code>
    <capital>Managua</capital>
    <currency>NIO</currency>
    <native>Nicaragua</native>
    <region>Americas</region>
    <subregion>Central America</subregion>
    <emoji>🇳🇮</emoji>
    <emojiU>U+1F1F3 U+1F1EE</emojiU>
  </country>
  <country>
    <id>160</id>
    <name>Niger</name>
    <iso3>NER</iso3>
    <iso2>NE</iso2>
    <phone_code>227</phone_code>
    <capital>Niamey</capital>
    <currency>XOF</currency>
    <native>Niger</native>
    <region>Africa</region>
    <subregion>Western Africa</subregion>
    <emoji>🇳🇪</emoji>
    <emojiU>U+1F1F3 U+1F1EA</emojiU>
  </country>
  <country>
    <id>161</id>
    <name>Nigeria</name>
    <iso3>NGA</iso3>
    <iso2>NG</iso2>
    <phone_code>234</phone_code>
    <capital>Abuja</capital>
    <currency>NGN</currency>
    <native>Nigeria</native>
    <region>Africa</region>
    <subregion>Western Africa</subregion>
    <emoji>🇳🇬</emoji>
    <emojiU>U+1F1F3 U+1F1EC</emojiU>
  </country>
  <country>
    <id>162</id>
    <name>Niue</name>
    <iso3>NIU</iso3>
    <iso2>NU</iso2>
    <phone_code>683</phone_code>
    <capital>Alofi</capital>
    <currency>NZD</currency>
    <native>Niuē</native>
    <region>Oceania</region>
    <subregion>Polynesia</subregion>
    <emoji>🇳🇺</emoji>
    <emojiU>U+1F1F3 U+1F1FA</emojiU>
  </country>
  <country>
    <id>163</id>
    <name>Norfolk Island</name>
    <iso3>NFK</iso3>
    <iso2>NF</iso2>
    <phone_code>672</phone_code>
    <capital>Kingston</capital>
    <currency>AUD</currency>
    <native>Norfolk Island</native>
    <region>Oceania</region>
    <subregion>Australia and New Zealand</subregion>
    <emoji>🇳🇫</emoji>
    <emojiU>U+1F1F3 U+1F1EB</emojiU>
  </country>
  <country>
    <id>164</id>
    <name>Northern Mariana Islands</name>
    <iso3>MNP</iso3>
    <iso2>MP</iso2>
    <phone_code>+1-670</phone_code>
    <capital>Saipan</capital>
    <currency>USD</currency>
    <native>Northern Mariana Islands</native>
    <region>Oceania</region>
    <subregion>Micronesia</subregion>
    <emoji>🇲🇵</emoji>
    <emojiU>U+1F1F2 U+1F1F5</emojiU>
  </country>
  <country>
    <id>165</id>
    <name>Norway</name>
    <iso3>NOR</iso3>
    <iso2>NO</iso2>
    <phone_code>47</phone_code>
    <capital>Oslo</capital>
    <currency>NOK</currency>
    <native>Norge</native>
    <region>Europe</region>
    <subregion>Northern Europe</subregion>
    <emoji>🇳🇴</emoji>
    <emojiU>U+1F1F3 U+1F1F4</emojiU>
  </country>
  <country>
    <id>166</id>
    <name>Oman</name>
    <iso3>OMN</iso3>
    <iso2>OM</iso2>
    <phone_code>968</phone_code>
    <capital>Muscat</capital>
    <currency>OMR</currency>
    <native>عمان</native>
    <region>Asia</region>
    <subregion>Western Asia</subregion>
    <emoji>🇴🇲</emoji>
    <emojiU>U+1F1F4 U+1F1F2</emojiU>
  </country>
  <country>
    <id>167</id>
    <name>Pakistan</name>
    <iso3>PAK</iso3>
    <iso2>PK</iso2>
    <phone_code>92</phone_code>
    <capital>Islamabad</capital>
    <currency>PKR</currency>
    <native>Pakistan</native>
    <region>Asia</region>
    <subregion>Southern Asia</subregion>
    <emoji>🇵🇰</emoji>
    <emojiU>U+1F1F5 U+1F1F0</emojiU>
  </country>
  <country>
    <id>168</id>
    <name>Palau</name>
    <iso3>PLW</iso3>
    <iso2>PW</iso2>
    <phone_code>680</phone_code>
    <capital>Melekeok</capital>
    <currency>USD</currency>
    <native>Palau</native>
    <region>Oceania</region>
    <subregion>Micronesia</subregion>
    <emoji>🇵🇼</emoji>
    <emojiU>U+1F1F5 U+1F1FC</emojiU>
  </country>
  <country>
    <id>169</id>
    <name>Palestinian Territory Occupied</name>
    <iso3>PSE</iso3>
    <iso2>PS</iso2>
    <phone_code>970</phone_code>
    <capital>East Jerusalem</capital>
    <currency>ILS</currency>
    <native>فلسطين</native>
    <region>Asia</region>
    <subregion>Western Asia</subregion>
    <emoji>🇵🇸</emoji>
    <emojiU>U+1F1F5 U+1F1F8</emojiU>
  </country>
  <country>
    <id>170</id>
    <name>Panama</name>
    <iso3>PAN</iso3>
    <iso2>PA</iso2>
    <phone_code>507</phone_code>
    <capital>Panama City</capital>
    <currency>PAB</currency>
    <native>Panamá</native>
    <region>Americas</region>
    <subregion>Central America</subregion>
    <emoji>🇵🇦</emoji>
    <emojiU>U+1F1F5 U+1F1E6</emojiU>
  </country>
  <country>
    <id>171</id>
    <name>Papua new Guinea</name>
    <iso3>PNG</iso3>
    <iso2>PG</iso2>
    <phone_code>675</phone_code>
    <capital>Port Moresby</capital>
    <currency>PGK</currency>
    <native>Papua Niugini</native>
    <region>Oceania</region>
    <subregion>Melanesia</subregion>
    <emoji>🇵🇬</emoji>
    <emojiU>U+1F1F5 U+1F1EC</emojiU>
  </country>
  <country>
    <id>172</id>
    <name>Paraguay</name>
    <iso3>PRY</iso3>
    <iso2>PY</iso2>
    <phone_code>595</phone_code>
    <capital>Asuncion</capital>
    <currency>PYG</currency>
    <native>Paraguay</native>
    <region>Americas</region>
    <subregion>South America</subregion>
    <emoji>🇵🇾</emoji>
    <emojiU>U+1F1F5 U+1F1FE</emojiU>
  </country>
  <country>
    <id>173</id>
    <name>Peru</name>
    <iso3>PER</iso3>
    <iso2>PE</iso2>
    <phone_code>51</phone_code>
    <capital>Lima</capital>
    <currency>PEN</currency>
    <native>Perú</native>
    <region>Americas</region>
    <subregion>South America</subregion>
    <emoji>🇵🇪</emoji>
    <emojiU>U+1F1F5 U+1F1EA</emojiU>
  </country>
  <country>
    <id>174</id>
    <name>Philippines</name>
    <iso3>PHL</iso3>
    <iso2>PH</iso2>
    <phone_code>63</phone_code>
    <capital>Manila</capital>
    <currency>PHP</currency>
    <native>Pilipinas</native>
    <region>Asia</region>
    <subregion>South-Eastern Asia</subregion>
    <emoji>🇵🇭</emoji>
    <emojiU>U+1F1F5 U+1F1ED</emojiU>
  </country>
  <country>
    <id>175</id>
    <name>Pitcairn Island</name>
    <iso3>PCN</iso3>
    <iso2>PN</iso2>
    <phone_code>870</phone_code>
    <capital>Adamstown</capital>
    <currency>NZD</currency>
    <native>Pitcairn Islands</native>
    <region>Oceania</region>
    <subregion>Polynesia</subregion>
    <emoji>🇵🇳</emoji>
    <emojiU>U+1F1F5 U+1F1F3</emojiU>
  </country>
  <country>
    <id>176</id>
    <name>Poland</name>
    <iso3>POL</iso3>
    <iso2>PL</iso2>
    <phone_code>48</phone_code>
    <capital>Warsaw</capital>
    <currency>PLN</currency>
    <native>Polska</native>
    <region>Europe</region>
    <subregion>Eastern Europe</subregion>
    <emoji>🇵🇱</emoji>
    <emojiU>U+1F1F5 U+1F1F1</emojiU>
  </country>
  <country>
    <id>177</id>
    <name>Portugal</name>
    <iso3>PRT</iso3>
    <iso2>PT</iso2>
    <phone_code>351</phone_code>
    <capital>Lisbon</capital>
    <currency>EUR</currency>
    <native>Portugal</native>
    <region>Europe</region>
    <subregion>Southern Europe</subregion>
    <emoji>🇵🇹</emoji>
    <emojiU>U+1F1F5 U+1F1F9</emojiU>
  </country>
  <country>
    <id>178</id>
    <name>Puerto Rico</name>
    <iso3>PRI</iso3>
    <iso2>PR</iso2>
    <phone_code>+1-787 and 1-939</phone_code>
    <capital>San Juan</capital>
    <currency>USD</currency>
    <native>Puerto Rico</native>
    <region>Americas</region>
    <subregion>Caribbean</subregion>
    <emoji>🇵🇷</emoji>
    <emojiU>U+1F1F5 U+1F1F7</emojiU>
  </country>
  <country>
    <id>179</id>
    <name>Qatar</name>
    <iso3>QAT</iso3>
    <iso2>QA</iso2>
    <phone_code>974</phone_code>
    <capital>Doha</capital>
    <currency>QAR</currency>
    <native>قطر</native>
    <region>Asia</region>
    <subregion>Western Asia</subregion>
    <emoji>🇶🇦</emoji>
    <emojiU>U+1F1F6 U+1F1E6</emojiU>
  </country>
  <country>
    <id>180</id>
    <name>Reunion</name>
    <iso3>REU</iso3>
    <iso2>RE</iso2>
    <phone_code>262</phone_code>
    <capital>Saint-Denis</capital>
    <currency>EUR</currency>
    <native>La Réunion</native>
    <region>Africa</region>
    <subregion>Eastern Africa</subregion>
    <emoji>🇷🇪</emoji>
    <emojiU>U+1F1F7 U+1F1EA</emojiU>
  </country>
  <country>
    <id>181</id>
    <name>Romania</name>
    <iso3>ROU</iso3>
    <iso2>RO</iso2>
    <phone_code>40</phone_code>
    <capital>Bucharest</capital>
    <currency>RON</currency>
    <native>România</native>
    <region>Europe</region>
    <subregion>Eastern Europe</subregion>
    <emoji>🇷🇴</emoji>
    <emojiU>U+1F1F7 U+1F1F4</emojiU>
  </country>
  <country>
    <id>182</id>
    <name>Russia</name>
    <iso3>RUS</iso3>
    <iso2>RU</iso2>
    <phone_code>7</phone_code>
    <capital>Moscow</capital>
    <currency>RUB</currency>
    <native>Россия</native>
    <region>Europe</region>
    <subregion>Eastern Europe</subregion>
    <emoji>🇷🇺</emoji>
    <emojiU>U+1F1F7 U+1F1FA</emojiU>
  </country>
  <country>
    <id>183</id>
    <name>Rwanda</name>
    <iso3>RWA</iso3>
    <iso2>RW</iso2>
    <phone_code>250</phone_code>
    <capital>Kigali</capital>
    <currency>RWF</currency>
    <native>Rwanda</native>
    <region>Africa</region>
    <subregion>Eastern Africa</subregion>
    <emoji>🇷🇼</emoji>
    <emojiU>U+1F1F7 U+1F1FC</emojiU>
  </country>
  <country>
    <id>184</id>
    <name>Saint Helena</name>
    <iso3>SHN</iso3>
    <iso2>SH</iso2>
    <phone_code>290</phone_code>
    <capital>Jamestown</capital>
    <currency>SHP</currency>
    <native>Saint Helena</native>
    <region>Africa</region>
    <subregion>Western Africa</subregion>
    <emoji>🇸🇭</emoji>
    <emojiU>U+1F1F8 U+1F1ED</emojiU>
  </country>
  <country>
    <id>185</id>
    <name>Saint Kitts And Nevis</name>
    <iso3>KNA</iso3>
    <iso2>KN</iso2>
    <phone_code>+1-869</phone_code>
    <capital>Basseterre</capital>
    <currency>XCD</currency>
    <native>Saint Kitts and Nevis</native>
    <region>Americas</region>
    <subregion>Caribbean</subregion>
    <emoji>🇰🇳</emoji>
    <emojiU>U+1F1F0 U+1F1F3</emojiU>
  </country>
  <country>
    <id>186</id>
    <name>Saint Lucia</name>
    <iso3>LCA</iso3>
    <iso2>LC</iso2>
    <phone_code>+1-758</phone_code>
    <capital>Castries</capital>
    <currency>XCD</currency>
    <native>Saint Lucia</native>
    <region>Americas</region>
    <subregion>Caribbean</subregion>
    <emoji>🇱🇨</emoji>
    <emojiU>U+1F1F1 U+1F1E8</emojiU>
  </country>
  <country>
    <id>187</id>
    <name>Saint Pierre and Miquelon</name>
    <iso3>SPM</iso3>
    <iso2>PM</iso2>
    <phone_code>508</phone_code>
    <capital>Saint-Pierre</capital>
    <currency>EUR</currency>
    <native>Saint-Pierre-et-Miquelon</native>
    <region>Americas</region>
    <subregion>Northern America</subregion>
    <emoji>🇵🇲</emoji>
    <emojiU>U+1F1F5 U+1F1F2</emojiU>
  </country>
  <country>
    <id>188</id>
    <name>Saint Vincent And The Grenadines</name>
    <iso3>VCT</iso3>
    <iso2>VC</iso2>
    <phone_code>+1-784</phone_code>
    <capital>Kingstown</capital>
    <currency>XCD</currency>
    <native>Saint Vincent and the Grenadines</native>
    <region>Americas</region>
    <subregion>Caribbean</subregion>
    <emoji>🇻🇨</emoji>
    <emojiU>U+1F1FB U+1F1E8</emojiU>
  </country>
  <country>
    <id>189</id>
    <name>Saint-Barthelemy</name>
    <iso3>BLM</iso3>
    <iso2>BL</iso2>
    <phone_code>590</phone_code>
    <capital>Gustavia</capital>
    <currency>EUR</currency>
    <native>Saint-Barthélemy</native>
    <region>Americas</region>
    <subregion>Caribbean</subregion>
    <emoji>🇧🇱</emoji>
    <emojiU>U+1F1E7 U+1F1F1</emojiU>
  </country>
  <country>
    <id>190</id>
    <name>Saint-Martin (French part)</name>
    <iso3>MAF</iso3>
    <iso2>MF</iso2>
    <phone_code>590</phone_code>
    <capital>Marigot</capital>
    <currency>EUR</currency>
    <native>Saint-Martin</native>
    <region>Americas</region>
    <subregion>Caribbean</subregion>
    <emoji>🇲🇫</emoji>
    <emojiU>U+1F1F2 U+1F1EB</emojiU>
  </country>
  <country>
    <id>191</id>
    <name>Samoa</name>
    <iso3>WSM</iso3>
    <iso2>WS</iso2>
    <phone_code>685</phone_code>
    <capital>Apia</capital>
    <currency>WST</currency>
    <native>Samoa</native>
    <region>Oceania</region>
    <subregion>Polynesia</subregion>
    <emoji>🇼🇸</emoji>
    <emojiU>U+1F1FC U+1F1F8</emojiU>
  </country>
  <country>
    <id>192</id>
    <name>San Marino</name>
    <iso3>SMR</iso3>
    <iso2>SM</iso2>
    <phone_code>378</phone_code>
    <capital>San Marino</capital>
    <currency>EUR</currency>
    <native>San Marino</native>
    <region>Europe</region>
    <subregion>Southern Europe</subregion>
    <emoji>🇸🇲</emoji>
    <emojiU>U+1F1F8 U+1F1F2</emojiU>
  </country>
  <country>
    <id>193</id>
    <name>Sao Tome and Principe</name>
    <iso3>STP</iso3>
    <iso2>ST</iso2>
    <phone_code>239</phone_code>
    <capital>Sao Tome</capital>
    <currency>STD</currency>
    <native>São Tomé e Príncipe</native>
    <region>Africa</region>
    <subregion>Middle Africa</subregion>
    <emoji>🇸🇹</emoji>
    <emojiU>U+1F1F8 U+1F1F9</emojiU>
  </country>
  <country>
    <id>194</id>
    <name>Saudi Arabia</name>
    <iso3>SAU</iso3>
    <iso2>SA</iso2>
    <phone_code>966</phone_code>
    <capital>Riyadh</capital>
    <currency>SAR</currency>
    <native>العربية السعودية</native>
    <region>Asia</region>
    <subregion>Western Asia</subregion>
    <emoji>🇸🇦</emoji>
    <emojiU>U+1F1F8 U+1F1E6</emojiU>
  </country>
  <country>
    <id>195</id>
    <name>Senegal</name>
    <iso3>SEN</iso3>
    <iso2>SN</iso2>
    <phone_code>221</phone_code>
    <capital>Dakar</capital>
    <currency>XOF</currency>
    <native>Sénégal</native>
    <region>Africa</region>
    <subregion>Western Africa</subregion>
    <emoji>🇸🇳</emoji>
    <emojiU>U+1F1F8 U+1F1F3</emojiU>
  </country>
  <country>
    <id>196</id>
    <name>Serbia</name>
    <iso3>SRB</iso3>
    <iso2>RS</iso2>
    <phone_code>381</phone_code>
    <capital>Belgrade</capital>
    <currency>RSD</currency>
    <native>Србија</native>
    <region>Europe</region>
    <subregion>Southern Europe</subregion>
    <emoji>🇷🇸</emoji>
    <emojiU>U+1F1F7 U+1F1F8</emojiU>
  </country>
  <country>
    <id>197</id>
    <name>Seychelles</name>
    <iso3>SYC</iso3>
    <iso2>SC</iso2>
    <phone_code>248</phone_code>
    <capital>Victoria</capital>
    <currency>SCR</currency>
    <native>Seychelles</native>
    <region>Africa</region>
    <subregion>Eastern Africa</subregion>
    <emoji>🇸🇨</emoji>
    <emojiU>U+1F1F8 U+1F1E8</emojiU>
  </country>
  <country>
    <id>198</id>
    <name>Sierra Leone</name>
    <iso3>SLE</iso3>
    <iso2>SL</iso2>
    <phone_code>232</phone_code>
    <capital>Freetown</capital>
    <currency>SLL</currency>
    <native>Sierra Leone</native>
    <region>Africa</region>
    <subregion>Western Africa</subregion>
    <emoji>🇸🇱</emoji>
    <emojiU>U+1F1F8 U+1F1F1</emojiU>
  </country>
  <country>
    <id>199</id>
    <name>Singapore</name>
    <iso3>SGP</iso3>
    <iso2>SG</iso2>
    <phone_code>65</phone_code>
    <capital>Singapur</capital>
    <currency>SGD</currency>
    <native>Singapore</native>
    <region>Asia</region>
    <subregion>South-Eastern Asia</subregion>
    <emoji>🇸🇬</emoji>
    <emojiU>U+1F1F8 U+1F1EC</emojiU>
  </country>
  <country>
    <id>200</id>
    <name>Slovakia</name>
    <iso3>SVK</iso3>
    <iso2>SK</iso2>
    <phone_code>421</phone_code>
    <capital>Bratislava</capital>
    <currency>EUR</currency>
    <native>Slovensko</native>
    <region>Europe</region>
    <subregion>Eastern Europe</subregion>
    <emoji>🇸🇰</emoji>
    <emojiU>U+1F1F8 U+1F1F0</emojiU>
  </country>
  <country>
    <id>201</id>
    <name>Slovenia</name>
    <iso3>SVN</iso3>
    <iso2>SI</iso2>
    <phone_code>386</phone_code>
    <capital>Ljubljana</capital>
    <currency>EUR</currency>
    <native>Slovenija</native>
    <region>Europe</region>
    <subregion>Southern Europe</subregion>
    <emoji>🇸🇮</emoji>
    <emojiU>U+1F1F8 U+1F1EE</emojiU>
  </country>
  <country>
    <id>202</id>
    <name>Solomon Islands</name>
    <iso3>SLB</iso3>
    <iso2>SB</iso2>
    <phone_code>677</phone_code>
    <capital>Honiara</capital>
    <currency>SBD</currency>
    <native>Solomon Islands</native>
    <region>Oceania</region>
    <subregion>Melanesia</subregion>
    <emoji>🇸🇧</emoji>
    <emojiU>U+1F1F8 U+1F1E7</emojiU>
  </country>
  <country>
    <id>203</id>
    <name>Somalia</name>
    <iso3>SOM</iso3>
    <iso2>SO</iso2>
    <phone_code>252</phone_code>
    <capital>Mogadishu</capital>
    <currency>SOS</currency>
    <native>Soomaaliya</native>
    <region>Africa</region>
    <subregion>Eastern Africa</subregion>
    <emoji>🇸🇴</emoji>
    <emojiU>U+1F1F8 U+1F1F4</emojiU>
  </country>
  <country>
    <id>204</id>
    <name>South Africa</name>
    <iso3>ZAF</iso3>
    <iso2>ZA</iso2>
    <phone_code>27</phone_code>
    <capital>Pretoria</capital>
    <currency>ZAR</currency>
    <native>South Africa</native>
    <region>Africa</region>
    <subregion>Southern Africa</subregion>
    <emoji>🇿🇦</emoji>
    <emojiU>U+1F1FF U+1F1E6</emojiU>
  </country>
  <country>
    <id>205</id>
    <name>South Georgia</name>
    <iso3>SGS</iso3>
    <iso2>GS</iso2>
    <phone_code></phone_code>
    <capital>Grytviken</capital>
    <currency>GBP</currency>
    <native>South Georgia</native>
    <region>Americas</region>
    <subregion>South America</subregion>
    <emoji>🇬🇸</emoji>
    <emojiU>U+1F1EC U+1F1F8</emojiU>
  </country>
  <country>
    <id>206</id>
    <name>South Sudan</name>
    <iso3>SSD</iso3>
    <iso2>SS</iso2>
    <phone_code>211</phone_code>
    <capital>Juba</capital>
    <currency>SSP</currency>
    <native>South Sudan</native>
    <region>Africa</region>
    <subregion>Middle Africa</subregion>
    <emoji>🇸🇸</emoji>
    <emojiU>U+1F1F8 U+1F1F8</emojiU>
  </country>
  <country>
    <id>207</id>
    <name>Spain</name>
    <iso3>ESP</iso3>
    <iso2>ES</iso2>
    <phone_code>34</phone_code>
    <capital>Madrid</capital>
    <currency>EUR</currency>
    <native>España</native>
    <region>Europe</region>
    <subregion>Southern Europe</subregion>
    <emoji>🇪🇸</emoji>
    <emojiU>U+1F1EA U+1F1F8</emojiU>
  </country>
  <country>
    <id>208</id>
    <name>Sri Lanka</name>
    <iso3>LKA</iso3>
    <iso2>LK</iso2>
    <phone_code>94</phone_code>
    <capital>Colombo</capital>
    <currency>LKR</currency>
    <native>śrī laṃkāva</native>
    <region>Asia</region>
    <subregion>Southern Asia</subregion>
    <emoji>🇱🇰</emoji>
    <emojiU>U+1F1F1 U+1F1F0</emojiU>
  </country>
  <country>
    <id>209</id>
    <name>Sudan</name>
    <iso3>SDN</iso3>
    <iso2>SD</iso2>
    <phone_code>249</phone_code>
    <capital>Khartoum</capital>
    <currency>SDG</currency>
    <native>السودان</native>
    <region>Africa</region>
    <subregion>Northern Africa</subregion>
    <emoji>🇸🇩</emoji>
    <emojiU>U+1F1F8 U+1F1E9</emojiU>
  </country>
  <country>
    <id>210</id>
    <name>Suriname</name>
    <iso3>SUR</iso3>
    <iso2>SR</iso2>
    <phone_code>597</phone_code>
    <capital>Paramaribo</capital>
    <currency>SRD</currency>
    <native>Suriname</native>
    <region>Americas</region>
    <subregion>South America</subregion>
    <emoji>🇸🇷</emoji>
    <emojiU>U+1F1F8 U+1F1F7</emojiU>
  </country>
  <country>
    <id>211</id>
    <name>Svalbard And Jan Mayen Islands</name>
    <iso3>SJM</iso3>
    <iso2>SJ</iso2>
    <phone_code>47</phone_code>
    <capital>Longyearbyen</capital>
    <currency>NOK</currency>
    <native>Svalbard og Jan Mayen</native>
    <region>Europe</region>
    <subregion>Northern Europe</subregion>
    <emoji>🇸🇯</emoji>
    <emojiU>U+1F1F8 U+1F1EF</emojiU>
  </country>
  <country>
    <id>212</id>
    <name>Swaziland</name>
    <iso3>SWZ</iso3>
    <iso2>SZ</iso2>
    <phone_code>268</phone_code>
    <capital>Mbabane</capital>
    <currency>SZL</currency>
    <native>Swaziland</native>
    <region>Africa</region>
    <subregion>Southern Africa</subregion>
    <emoji>🇸🇿</emoji>
    <emojiU>U+1F1F8 U+1F1FF</emojiU>
  </country>
  <country>
    <id>213</id>
    <name>Sweden</name>
    <iso3>SWE</iso3>
    <iso2>SE</iso2>
    <phone_code>46</phone_code>
    <capital>Stockholm</capital>
    <currency>SEK</currency>
    <native>Sverige</native>
    <region>Europe</region>
    <subregion>Northern Europe</subregion>
    <emoji>🇸🇪</emoji>
    <emojiU>U+1F1F8 U+1F1EA</emojiU>
  </country>
  <country>
    <id>214</id>
    <name>Switzerland</name>
    <iso3>CHE</iso3>
    <iso2>CH</iso2>
    <phone_code>41</phone_code>
    <capital>Berne</capital>
    <currency>CHF</currency>
    <native>Schweiz</native>
    <region>Europe</region>
    <subregion>Western Europe</subregion>
    <emoji>🇨🇭</emoji>
    <emojiU>U+1F1E8 U+1F1ED</emojiU>
  </country>
  <country>
    <id>215</id>
    <name>Syria</name>
    <iso3>SYR</iso3>
    <iso2>SY</iso2>
    <phone_code>963</phone_code>
    <capital>Damascus</capital>
    <currency>SYP</currency>
    <native>سوريا</native>
    <region>Asia</region>
    <subregion>Western Asia</subregion>
    <emoji>🇸🇾</emoji>
    <emojiU>U+1F1F8 U+1F1FE</emojiU>
  </country>
  <country>
    <id>216</id>
    <name>Taiwan</name>
    <iso3>TWN</iso3>
    <iso2>TW</iso2>
    <phone_code>886</phone_code>
    <capital>Taipei</capital>
    <currency>TWD</currency>
    <native>臺灣</native>
    <region>Asia</region>
    <subregion>Eastern Asia</subregion>
    <emoji>🇹🇼</emoji>
    <emojiU>U+1F1F9 U+1F1FC</emojiU>
  </country>
  <country>
    <id>217</id>
    <name>Tajikistan</name>
    <iso3>TJK</iso3>
    <iso2>TJ</iso2>
    <phone_code>992</phone_code>
    <capital>Dushanbe</capital>
    <currency>TJS</currency>
    <native>Тоҷикистон</native>
    <region>Asia</region>
    <subregion>Central Asia</subregion>
    <emoji>🇹🇯</emoji>
    <emojiU>U+1F1F9 U+1F1EF</emojiU>
  </country>
  <country>
    <id>218</id>
    <name>Tanzania</name>
    <iso3>TZA</iso3>
    <iso2>TZ</iso2>
    <phone_code>255</phone_code>
    <capital>Dodoma</capital>
    <currency>TZS</currency>
    <native>Tanzania</native>
    <region>Africa</region>
    <subregion>Eastern Africa</subregion>
    <emoji>🇹🇿</emoji>
    <emojiU>U+1F1F9 U+1F1FF</emojiU>
  </country>
  <country>
    <id>219</id>
    <name>Thailand</name>
    <iso3>THA</iso3>
    <iso2>TH</iso2>
    <phone_code>66</phone_code>
    <capital>Bangkok</capital>
    <currency>THB</currency>
    <native>ประเทศไทย</native>
    <region>Asia</region>
    <subregion>South-Eastern Asia</subregion>
    <emoji>🇹🇭</emoji>
    <emojiU>U+1F1F9 U+1F1ED</emojiU>
  </country>
  <country>
    <id>220</id>
    <name>Togo</name>
    <iso3>TGO</iso3>
    <iso2>TG</iso2>
    <phone_code>228</phone_code>
    <capital>Lome</capital>
    <currency>XOF</currency>
    <native>Togo</native>
    <region>Africa</region>
    <subregion>Western Africa</subregion>
    <emoji>🇹🇬</emoji>
    <emojiU>U+1F1F9 U+1F1EC</emojiU>
  </country>
  <country>
    <id>221</id>
    <name>Tokelau</name>
    <iso3>TKL</iso3>
    <iso2>TK</iso2>
    <phone_code>690</phone_code>
    <capital></capital>
    <currency>NZD</currency>
    <native>Tokelau</native>
    <region>Oceania</region>
    <subregion>Polynesia</subregion>
    <emoji>🇹🇰</emoji>
    <emojiU>U+1F1F9 U+1F1F0</emojiU>
  </country>
  <country>
    <id>222</id>
    <name>Tonga</name>
    <iso3>TON</iso3>
    <iso2>TO</iso2>
    <phone_code>676</phone_code>
    <capital>Nuku'alofa</capital>
    <currency>TOP</currency>
    <native>Tonga</native>
    <region>Oceania</region>
    <subregion>Polynesia</subregion>
    <emoji>🇹🇴</emoji>
    <emojiU>U+1F1F9 U+1F1F4</emojiU>
  </country>
  <country>
    <id>223</id>
    <name>Trinidad And Tobago</name>
    <iso3>TTO</iso3>
    <iso2>TT</iso2>
    <phone_code>+1-868</phone_code>
    <capital>Port of Spain</capital>
    <currency>TTD</currency>
    <native>Trinidad and Tobago</native>
    <region>Americas</region>
    <subregion>Caribbean</subregion>
    <emoji>🇹🇹</emoji>
    <emojiU>U+1F1F9 U+1F1F9</emojiU>
  </country>
  <country>
    <id>224</id>
    <name>Tunisia</name>
    <iso3>TUN</iso3>
    <iso2>TN</iso2>
    <phone_code>216</phone_code>
    <capital>Tunis</capital>
    <currency>TND</currency>
    <native>تونس</native>
    <region>Africa</region>
    <subregion>Northern Africa</subregion>
    <emoji>🇹🇳</emoji>
    <emojiU>U+1F1F9 U+1F1F3</emojiU>
  </country>
  <country>
    <id>225</id>
    <name>Turkey</name>
    <iso3>TUR</iso3>
    <iso2>TR</iso2>
    <phone_code>90</phone_code>
    <capital>Ankara</capital>
    <currency>TRY</currency>
    <native>Türkiye</native>
    <region>Asia</region>
    <subregion>Western Asia</subregion>
    <emoji>🇹🇷</emoji>
    <emojiU>U+1F1F9 U+1F1F7</emojiU>
  </country>
  <country>
    <id>226</id>
    <name>Turkmenistan</name>
    <iso3>TKM</iso3>
    <iso2>TM</iso2>
    <phone_code>993</phone_code>
    <capital>Ashgabat</capital>
    <currency>TMT</currency>
    <native>Türkmenistan</native>
    <region>Asia</region>
    <subregion>Central Asia</subregion>
    <emoji>🇹🇲</emoji>
    <emojiU>U+1F1F9 U+1F1F2</emojiU>
  </country>
  <country>
    <id>227</id>
    <name>Turks And Caicos Islands</name>
    <iso3>TCA</iso3>
    <iso2>TC</iso2>
    <phone_code>+1-649</phone_code>
    <capital>Cockburn Town</capital>
    <currency>USD</currency>
    <native>Turks and Caicos Islands</native>
    <region>Americas</region>
    <subregion>Caribbean</subregion>
    <emoji>🇹🇨</emoji>
    <emojiU>U+1F1F9 U+1F1E8</emojiU>
  </country>
  <country>
    <id>228</id>
    <name>Tuvalu</name>
    <iso3>TUV</iso3>
    <iso2>TV</iso2>
    <phone_code>688</phone_code>
    <capital>Funafuti</capital>
    <currency>AUD</currency>
    <native>Tuvalu</native>
    <region>Oceania</region>
    <subregion>Polynesia</subregion>
    <emoji>🇹🇻</emoji>
    <emojiU>U+1F1F9 U+1F1FB</emojiU>
  </country>
  <country>
    <id>229</id>
    <name>Uganda</name>
    <iso3>UGA</iso3>
    <iso2>UG</iso2>
    <phone_code>256</phone_code>
    <capital>Kampala</capital>
    <currency>UGX</currency>
    <native>Uganda</native>
    <region>Africa</region>
    <subregion>Eastern Africa</subregion>
    <emoji>🇺🇬</emoji>
    <emojiU>U+1F1FA U+1F1EC</emojiU>
  </country>
  <country>
    <id>230</id>
    <name>Ukraine</name>
    <iso3>UKR</iso3>
    <iso2>UA</iso2>
    <phone_code>380</phone_code>
    <capital>Kiev</capital>
    <currency>UAH</currency>
    <native>Україна</native>
    <region>Europe</region>
    <subregion>Eastern Europe</subregion>
    <emoji>🇺🇦</emoji>
    <emojiU>U+1F1FA U+1F1E6</emojiU>
  </country>
  <country>
    <id>231</id>
    <name>United Arab Emirates</name>
    <iso3>ARE</iso3>
    <iso2>AE</iso2>
    <phone_code>971</phone_code>
    <capital>Abu Dhabi</capital>
    <currency>AED</currency>
    <native>دولة الإمارات العربية المتحدة</native>
    <region>Asia</region>
    <subregion>Western Asia</subregion>
    <emoji>🇦🇪</emoji>
    <emojiU>U+1F1E6 U+1F1EA</emojiU>
  </country>
  <country>
    <id>232</id>
    <name>United Kingdom</name>
    <iso3>GBR</iso3>
    <iso2>GB</iso2>
    <phone_code>44</phone_code>
    <capital>London</capital>
    <currency>GBP</currency>
    <native>United Kingdom</native>
    <region>Europe</region>
    <subregion>Northern Europe</subregion>
    <emoji>🇬🇧</emoji>
    <emojiU>U+1F1EC U+1F1E7</emojiU>
  </country>
  <country>
    <id>233</id>
    <name>United States</name>
    <iso3>USA</iso3>
    <iso2>US</iso2>
    <phone_code>1</phone_code>
    <capital>Washington</capital>
    <currency>USD</currency>
    <native>United States</native>
    <region>Americas</region>
    <subregion>Northern America</subregion>
    <emoji>🇺🇸</emoji>
    <emojiU>U+1F1FA U+1F1F8</emojiU>
  </country>
  <country>
    <id>234</id>
    <name>United States Minor Outlying Islands</name>
    <iso3>UMI</iso3>
    <iso2>UM</iso2>
    <phone_code>1</phone_code>
    <capital></capital>
    <currency>USD</currency>
    <native>United States Minor Outlying Islands</native>
    <region>Americas</region>
    <subregion>Northern America</subregion>
    <emoji>🇺🇲</emoji>
    <emojiU>U+1F1FA U+1F1F2</emojiU>
  </country>
  <country>
    <id>235</id>
    <name>Uruguay</name>
    <iso3>URY</iso3>
    <iso2>UY</iso2>
    <phone_code>598</phone_code>
    <capital>Montevideo</capital>
    <currency>UYU</currency>
    <native>Uruguay</native>
    <region>Americas</region>
    <subregion>South America</subregion>
    <emoji>🇺🇾</emoji>
    <emojiU>U+1F1FA U+1F1FE</emojiU>
  </country>
  <country>
    <id>236</id>
    <name>Uzbekistan</name>
    <iso3>UZB</iso3>
    <iso2>UZ</iso2>
    <phone_code>998</phone_code>
    <capital>Tashkent</capital>
    <currency>UZS</currency>
    <native>O‘zbekiston</native>
    <region>Asia</region>
    <subregion>Central Asia</subregion>
    <emoji>🇺🇿</emoji>
    <emojiU>U+1F1FA U+1F1FF</emojiU>
  </country>
  <country>
    <id>237</id>
    <name>Vanuatu</name>
    <iso3>VUT</iso3>
    <iso2>VU</iso2>
    <phone_code>678</phone_code>
    <capital>Port Vila</capital>
    <currency>VUV</currency>
    <native>Vanuatu</native>
    <region>Oceania</region>
    <subregion>Melanesia</subregion>
    <emoji>🇻🇺</emoji>
    <emojiU>U+1F1FB U+1F1FA</emojiU>
  </country>
  <country>
    <id>238</id>
    <name>Vatican City State (Holy See)</name>
    <iso3>VAT</iso3>
    <iso2>VA</iso2>
    <phone_code>379</phone_code>
    <capital>Vatican City</capital>
    <currency>EUR</currency>
    <native>Vaticano</native>
    <region>Europe</region>
    <subregion>Southern Europe</subregion>
    <emoji>🇻🇦</emoji>
    <emojiU>U+1F1FB U+1F1E6</emojiU>
  </country>
  <country>
    <id>239</id>
    <name>Venezuela</name>
    <iso3>VEN</iso3>
    <iso2>VE</iso2>
    <phone_code>58</phone_code>
    <capital>Caracas</capital>
    <currency>VEF</currency>
    <native>Venezuela</native>
    <region>Americas</region>
    <subregion>South America</subregion>
    <emoji>🇻🇪</emoji>
    <emojiU>U+1F1FB U+1F1EA</emojiU>
  </country>
  <country>
    <id>240</id>
    <name>Vietnam</name>
    <iso3>VNM</iso3>
    <iso2>VN</iso2>
    <phone_code>84</phone_code>
    <capital>Hanoi</capital>
    <currency>VND</currency>
    <native>Việt Nam</native>
    <region>Asia</region>
    <subregion>South-Eastern Asia</subregion>
    <emoji>🇻🇳</emoji>
    <emojiU>U+1F1FB U+1F1F3</emojiU>
  </country>
  <country>
    <id>241</id>
    <name>Virgin Islands (British)</name>
    <iso3>VGB</iso3>
    <iso2>VG</iso2>
    <phone_code>+1-284</phone_code>
    <capital>Road Town</capital>
    <currency>USD</currency>
    <native>British Virgin Islands</native>
    <region>Americas</region>
    <subregion>Caribbean</subregion>
    <emoji>🇻🇬</emoji>
    <emojiU>U+1F1FB U+1F1EC</emojiU>
  </country>
  <country>
    <id>242</id>
    <name>Virgin Islands (US)</name>
    <iso3>VIR</iso3>
    <iso2>VI</iso2>
    <phone_code>+1-340</phone_code>
    <capital>Charlotte Amalie</capital>
    <currency>USD</currency>
    <native>United States Virgin Islands</native>
    <region>Americas</region>
    <subregion>Caribbean</subregion>
    <emoji>🇻🇮</emoji>
    <emojiU>U+1F1FB U+1F1EE</emojiU>
  </country>
  <country>
    <id>243</id>
    <name>Wallis And Futuna Islands</name>
    <iso3>WLF</iso3>
    <iso2>WF</iso2>
    <phone_code>681</phone_code>
    <capital>Mata Utu</capital>
    <currency>XPF</currency>
    <native>Wallis et Futuna</native>
    <region>Oceania</region>
    <subregion>Polynesia</subregion>
    <emoji>🇼🇫</emoji>
    <emojiU>U+1F1FC U+1F1EB</emojiU>
  </country>
  <country>
    <id>244</id>
    <name>Western Sahara</name>
    <iso3>ESH</iso3>
    <iso2>EH</iso2>
    <phone_code>212</phone_code>
    <capital>El-Aaiun</capital>
    <currency>MAD</currency>
    <native>الصحراء الغربية</native>
    <region>Africa</region>
    <subregion>Northern Africa</subregion>
    <emoji>🇪🇭</emoji>
    <emojiU>U+1F1EA U+1F1ED</emojiU>
  </country>
  <country>
    <id>245</id>
    <name>Yemen</name>
    <iso3>YEM</iso3>
    <iso2>YE</iso2>
    <phone_code>967</phone_code>
    <capital>Sanaa</capital>
    <currency>YER</currency>
    <native>اليَمَن</native>
    <region>Asia</region>
    <subregion>Western Asia</subregion>
    <emoji>🇾🇪</emoji>
    <emojiU>U+1F1FE U+1F1EA</emojiU>
  </country>
  <country>
    <id>246</id>
    <name>Zambia</name>
    <iso3>ZMB</iso3>
    <iso2>ZM</iso2>
    <phone_code>260</phone_code>
    <capital>Lusaka</capital>
    <currency>ZMW</currency>
    <native>Zambia</native>
    <region>Africa</region>
    <subregion>Eastern Africa</subregion>
    <emoji>🇿🇲</emoji>
    <emojiU>U+1F1FF U+1F1F2</emojiU>
  </country>
  <country>
    <id>247</id>
    <name>Zimbabwe</name>
    <iso3>ZWE</iso3>
    <iso2>ZW</iso2>
    <phone_code>263</phone_code>
    <capital>Harare</capital>
    <currency>ZWL</currency>
    <native>Zimbabwe</native>
    <region>Africa</region>
    <subregion>Eastern Africa</subregion>
    <emoji>🇿🇼</emoji>
    <emojiU>U+1F1FF U+1F1FC</emojiU>
  </country>
</countries>
